-- MySQL dump 10.13  Distrib 9.1.0, for macos15.2 (arm64)
--
-- Host: 127.0.0.1    Database: kkyu-oa
-- ------------------------------------------------------
-- Server version	9.1.0

/*!40101 SET @OLD_CHARACTER_SET_CLIENT=@@CHARACTER_SET_CLIENT */;
/*!40101 SET @OLD_CHARACTER_SET_RESULTS=@@CHARACTER_SET_RESULTS */;
/*!40101 SET @OLD_COLLATION_CONNECTION=@@COLLATION_CONNECTION */;
/*!50503 SET NAMES utf8mb4 */;
/*!40103 SET @OLD_TIME_ZONE=@@TIME_ZONE */;
/*!40103 SET TIME_ZONE='+00:00' */;
/*!40014 SET @OLD_UNIQUE_CHECKS=@@UNIQUE_CHECKS, UNIQUE_CHECKS=0 */;
/*!40014 SET @OLD_FOREIGN_KEY_CHECKS=@@FOREIGN_KEY_CHECKS, FOREIGN_KEY_CHECKS=0 */;
/*!40101 SET @OLD_SQL_MODE=@@SQL_MODE, SQL_MODE='NO_AUTO_VALUE_ON_ZERO' */;
/*!40111 SET @OLD_SQL_NOTES=@@SQL_NOTES, SQL_NOTES=0 */;

--
-- Table structure for table `finance_salary`
--

DROP TABLE IF EXISTS `finance_salary`;
/*!40101 SET @saved_cs_client     = @@character_set_client */;
/*!50503 SET character_set_client = utf8mb4 */;
CREATE TABLE `finance_salary` (
  `id` bigint NOT NULL AUTO_INCREMENT COMMENT '主键ID',
  `employee_name` varchar(100) NOT NULL COMMENT '员工姓名',
  `base_salary` decimal(10,2) NOT NULL COMMENT '基本工资',
  `bonus` decimal(10,2) DEFAULT '0.00' COMMENT '奖金',
  `deductions` decimal(10,2) DEFAULT '0.00' COMMENT '扣除项',
  `net_salary` decimal(10,2) NOT NULL COMMENT '实发工资',
  `create_by` varchar(50) NOT NULL COMMENT '创建人',
  `create_time` datetime DEFAULT CURRENT_TIMESTAMP COMMENT '创建时间',
  `update_by` varchar(50) DEFAULT NULL COMMENT '更新人',
  `update_time` datetime DEFAULT CURRENT_TIMESTAMP ON UPDATE CURRENT_TIMESTAMP COMMENT '更新时间',
  `remark` varchar(255) DEFAULT NULL COMMENT '备注',
  PRIMARY KEY (`id`)
) ENGINE=InnoDB AUTO_INCREMENT=21 DEFAULT CHARSET=utf8mb4 COLLATE=utf8mb4_0900_ai_ci COMMENT='薪资管理表';
/*!40101 SET character_set_client = @saved_cs_client */;

--
-- Dumping data for table `finance_salary`
--

LOCK TABLES `finance_salary` WRITE;
/*!40000 ALTER TABLE `finance_salary` DISABLE KEYS */;
INSERT INTO `finance_salary` VALUES (1,'张三',8000.00,1000.00,200.00,8800.00,'admin','2025-02-12 14:59:20',NULL,'2025-02-12 15:26:48','二月份工资'),(2,'李四',9000.00,1500.00,300.00,10200.00,'admin','2025-02-12 14:59:20',NULL,'2025-02-12 15:26:58','二月份工资'),(3,'王五',7500.00,800.00,100.00,8200.00,'admin','2025-02-12 14:59:20',NULL,'2025-02-12 15:27:06','二月份工资'),(4,'赵六',8500.00,1200.00,150.00,9550.00,'admin','2025-02-12 14:59:20',NULL,'2025-02-12 15:27:10','二月份工资'),(5,'孙七',7000.00,600.00,50.00,7550.00,'admin','2025-02-12 14:59:20',NULL,NULL,'一月份工资'),(6,'周八',9500.00,1800.00,400.00,10900.00,'admin','2025-02-12 14:59:20',NULL,NULL,'一月份工资'),(7,'吴九',7200.00,700.00,120.00,7780.00,'admin','2025-02-12 14:59:20',NULL,NULL,'一月份工资'),(8,'郑十',8700.00,1400.00,250.00,9850.00,'admin','2025-02-12 14:59:20',NULL,NULL,'一月份工资'),(9,'杨一',9300.00,1600.00,350.00,10550.00,'admin','2025-02-12 14:59:20',NULL,NULL,'一月份工资'),(10,'沈二',7600.00,900.00,180.00,8320.00,'admin','2025-02-12 14:59:20',NULL,NULL,'一月份工资'),(11,'唐三',8800.00,1300.00,220.00,9880.00,'admin','2025-02-12 14:59:20',NULL,NULL,'一月份工资'),(12,'冯四',7100.00,500.00,70.00,7530.00,'admin','2025-02-12 14:59:20',NULL,NULL,'一月份工资'),(13,'程五',8900.00,1250.00,280.00,9870.00,'admin','2025-02-12 14:59:20',NULL,NULL,'一月份工资'),(14,'吕六',8400.00,1100.00,230.00,9270.00,'admin','2025-02-12 14:59:20',NULL,NULL,'一月份工资'),(15,'何七',7700.00,950.00,170.00,8480.00,'admin','2025-02-12 14:59:20',NULL,NULL,'一月份工资'),(16,'余八',6900.00,400.00,90.00,7210.00,'admin','2025-02-12 14:59:20',NULL,NULL,'一月份工资'),(17,'邹九',9200.00,1550.00,330.00,10420.00,'admin','2025-02-12 14:59:20',NULL,NULL,'一月份工资'),(18,'韩十',8000.00,1000.00,200.00,8800.00,'admin','2025-02-12 14:59:20',NULL,NULL,'一月份工资'),(19,'龚一',8600.00,1150.00,210.00,9540.00,'admin','2025-02-12 14:59:20',NULL,NULL,'一月份工资'),(20,'谢二',7800.00,980.00,190.00,8580.00,'admin','2025-02-12 14:59:20',NULL,NULL,'一月份工资');
/*!40000 ALTER TABLE `finance_salary` ENABLE KEYS */;
UNLOCK TABLES;

--
-- Table structure for table `gen_table`
--

DROP TABLE IF EXISTS `gen_table`;
/*!40101 SET @saved_cs_client     = @@character_set_client */;
/*!50503 SET character_set_client = utf8mb4 */;
CREATE TABLE `gen_table` (
  `table_id` bigint NOT NULL AUTO_INCREMENT COMMENT '编号',
  `table_name` varchar(200) DEFAULT '' COMMENT '表名称',
  `table_comment` varchar(500) DEFAULT '' COMMENT '表描述',
  `sub_table_name` varchar(64) DEFAULT NULL COMMENT '关联子表的表名',
  `sub_table_fk_name` varchar(64) DEFAULT NULL COMMENT '子表关联的外键名',
  `class_name` varchar(100) DEFAULT '' COMMENT '实体类名称',
  `tpl_category` varchar(200) DEFAULT 'crud' COMMENT '使用的模板（crud单表操作 tree树表操作）',
  `tpl_web_type` varchar(30) DEFAULT '' COMMENT '前端模板类型（element-ui模版 element-plus模版）',
  `package_name` varchar(100) DEFAULT NULL COMMENT '生成包路径',
  `module_name` varchar(30) DEFAULT NULL COMMENT '生成模块名',
  `business_name` varchar(30) DEFAULT NULL COMMENT '生成业务名',
  `function_name` varchar(50) DEFAULT NULL COMMENT '生成功能名',
  `function_author` varchar(50) DEFAULT NULL COMMENT '生成功能作者',
  `gen_type` char(1) DEFAULT '0' COMMENT '生成代码方式（0zip压缩包 1自定义路径）',
  `gen_path` varchar(200) DEFAULT '/' COMMENT '生成路径（不填默认项目路径）',
  `options` varchar(1000) DEFAULT NULL COMMENT '其它生成选项',
  `create_by` varchar(64) DEFAULT '' COMMENT '创建者',
  `create_time` datetime DEFAULT NULL COMMENT '创建时间',
  `update_by` varchar(64) DEFAULT '' COMMENT '更新者',
  `update_time` datetime DEFAULT NULL COMMENT '更新时间',
  `remark` varchar(500) DEFAULT NULL COMMENT '备注',
  PRIMARY KEY (`table_id`)
) ENGINE=InnoDB AUTO_INCREMENT=9 DEFAULT CHARSET=utf8mb4 COLLATE=utf8mb4_0900_ai_ci COMMENT='代码生成业务表';
/*!40101 SET character_set_client = @saved_cs_client */;

--
-- Dumping data for table `gen_table`
--

LOCK TABLES `gen_table` WRITE;
/*!40000 ALTER TABLE `gen_table` DISABLE KEYS */;
INSERT INTO `gen_table` VALUES (8,'finance_salary','薪资管理表',NULL,NULL,'FinanceSalary','crud','element-plus','com.kkyu.finance','finance','salary','薪资管理','kkyu','0','/','{\"parentMenuId\":2000}','admin','2025-02-12 14:56:07','','2025-02-12 15:24:35',NULL);
/*!40000 ALTER TABLE `gen_table` ENABLE KEYS */;
UNLOCK TABLES;

--
-- Table structure for table `gen_table_column`
--

DROP TABLE IF EXISTS `gen_table_column`;
/*!40101 SET @saved_cs_client     = @@character_set_client */;
/*!50503 SET character_set_client = utf8mb4 */;
CREATE TABLE `gen_table_column` (
  `column_id` bigint NOT NULL AUTO_INCREMENT COMMENT '编号',
  `table_id` bigint DEFAULT NULL COMMENT '归属表编号',
  `column_name` varchar(200) DEFAULT NULL COMMENT '列名称',
  `column_comment` varchar(500) DEFAULT NULL COMMENT '列描述',
  `column_type` varchar(100) DEFAULT NULL COMMENT '列类型',
  `java_type` varchar(500) DEFAULT NULL COMMENT 'JAVA类型',
  `java_field` varchar(200) DEFAULT NULL COMMENT 'JAVA字段名',
  `is_pk` char(1) DEFAULT NULL COMMENT '是否主键（1是）',
  `is_increment` char(1) DEFAULT NULL COMMENT '是否自增（1是）',
  `is_required` char(1) DEFAULT NULL COMMENT '是否必填（1是）',
  `is_insert` char(1) DEFAULT NULL COMMENT '是否为插入字段（1是）',
  `is_edit` char(1) DEFAULT NULL COMMENT '是否编辑字段（1是）',
  `is_list` char(1) DEFAULT NULL COMMENT '是否列表字段（1是）',
  `is_query` char(1) DEFAULT NULL COMMENT '是否查询字段（1是）',
  `query_type` varchar(200) DEFAULT 'EQ' COMMENT '查询方式（等于、不等于、大于、小于、范围）',
  `html_type` varchar(200) DEFAULT NULL COMMENT '显示类型（文本框、文本域、下拉框、复选框、单选框、日期控件）',
  `dict_type` varchar(200) DEFAULT '' COMMENT '字典类型',
  `sort` int DEFAULT NULL COMMENT '排序',
  `create_by` varchar(64) DEFAULT '' COMMENT '创建者',
  `create_time` datetime DEFAULT NULL COMMENT '创建时间',
  `update_by` varchar(64) DEFAULT '' COMMENT '更新者',
  `update_time` datetime DEFAULT NULL COMMENT '更新时间',
  PRIMARY KEY (`column_id`)
) ENGINE=InnoDB AUTO_INCREMENT=115 DEFAULT CHARSET=utf8mb4 COLLATE=utf8mb4_0900_ai_ci COMMENT='代码生成业务表字段';
/*!40101 SET character_set_client = @saved_cs_client */;

--
-- Dumping data for table `gen_table_column`
--

LOCK TABLES `gen_table_column` WRITE;
/*!40000 ALTER TABLE `gen_table_column` DISABLE KEYS */;
INSERT INTO `gen_table_column` VALUES (104,8,'id','主键ID','bigint','Long','id','1','1','0','0',NULL,NULL,NULL,'EQ','input','',1,'admin','2025-02-12 14:56:07','','2025-02-12 15:24:35'),(105,8,'employee_name','员工姓名','varchar(100)','String','employeeName','0','0','1','1','1','1','1','LIKE','input','',2,'admin','2025-02-12 14:56:07','','2025-02-12 15:24:35'),(106,8,'base_salary','基本工资','decimal(10,2)','BigDecimal','baseSalary','0','0','1','1','1','1','1','EQ','input','',3,'admin','2025-02-12 14:56:07','','2025-02-12 15:24:35'),(107,8,'bonus','奖金','decimal(10,2)','BigDecimal','bonus','0','0','0','1','1','1','0','EQ','input','',4,'admin','2025-02-12 14:56:07','','2025-02-12 15:24:35'),(108,8,'deductions','扣除项','decimal(10,2)','BigDecimal','deductions','0','0','0','1','1','1','0','EQ','input','',5,'admin','2025-02-12 14:56:07','','2025-02-12 15:24:35'),(109,8,'net_salary','实发工资','decimal(10,2)','BigDecimal','netSalary','0','0','0','1','1','1','0','EQ','input','',6,'admin','2025-02-12 14:56:07','','2025-02-12 15:24:35'),(110,8,'create_by','创建人','varchar(50)','String','createBy','0','0','0','0',NULL,NULL,NULL,'EQ','input','',7,'admin','2025-02-12 14:56:07','','2025-02-12 15:24:35'),(111,8,'create_time','创建时间','datetime','Date','createTime','0','0','0','0',NULL,NULL,NULL,'EQ','datetime','',8,'admin','2025-02-12 14:56:07','','2025-02-12 15:24:35'),(112,8,'update_by','更新人','varchar(50)','String','updateBy','0','0','0','0','0',NULL,NULL,'EQ','input','',9,'admin','2025-02-12 14:56:07','','2025-02-12 15:24:35'),(113,8,'update_time','更新时间','datetime','Date','updateTime','0','0','0','0','0',NULL,NULL,'EQ','datetime','',10,'admin','2025-02-12 14:56:07','','2025-02-12 15:24:35'),(114,8,'remark','备注','varchar(255)','String','remark','0','0','0','1','1','1','1','LIKE','input','',11,'admin','2025-02-12 14:56:07','','2025-02-12 15:24:35');
/*!40000 ALTER TABLE `gen_table_column` ENABLE KEYS */;
UNLOCK TABLES;

--
-- Table structure for table `sys_config`
--

DROP TABLE IF EXISTS `sys_config`;
/*!40101 SET @saved_cs_client     = @@character_set_client */;
/*!50503 SET character_set_client = utf8mb4 */;
CREATE TABLE `sys_config` (
  `config_id` int NOT NULL AUTO_INCREMENT COMMENT '参数主键',
  `config_name` varchar(100) DEFAULT '' COMMENT '参数名称',
  `config_key` varchar(100) DEFAULT '' COMMENT '参数键名',
  `config_value` varchar(500) DEFAULT '' COMMENT '参数键值',
  `config_type` char(1) DEFAULT 'N' COMMENT '系统内置（Y是 N否）',
  `create_by` varchar(64) DEFAULT '' COMMENT '创建者',
  `create_time` datetime DEFAULT NULL COMMENT '创建时间',
  `update_by` varchar(64) DEFAULT '' COMMENT '更新者',
  `update_time` datetime DEFAULT NULL COMMENT '更新时间',
  `remark` varchar(500) DEFAULT NULL COMMENT '备注',
  PRIMARY KEY (`config_id`)
) ENGINE=InnoDB AUTO_INCREMENT=100 DEFAULT CHARSET=utf8mb4 COLLATE=utf8mb4_0900_ai_ci COMMENT='参数配置表';
/*!40101 SET character_set_client = @saved_cs_client */;

--
-- Dumping data for table `sys_config`
--

LOCK TABLES `sys_config` WRITE;
/*!40000 ALTER TABLE `sys_config` DISABLE KEYS */;
INSERT INTO `sys_config` VALUES (1,'主框架页-默认皮肤样式名称','sys.index.skinName','skin-blue','Y','admin','2025-01-14 16:48:38','',NULL,'蓝色 skin-blue、绿色 skin-green、紫色 skin-purple、红色 skin-red、黄色 skin-yellow'),(2,'用户管理-账号初始密码','sys.user.initPassword','123456','Y','admin','2025-01-14 16:48:38','',NULL,'初始化密码 123456'),(3,'主框架页-侧边栏主题','sys.index.sideTheme','theme-dark','Y','admin','2025-01-14 16:48:38','',NULL,'深色主题theme-dark，浅色主题theme-light'),(4,'账号自助-验证码开关','sys.account.captchaEnabled','false','Y','admin','2025-01-14 16:48:38','admin','2025-01-14 17:13:34','是否开启验证码功能（true开启，false关闭）'),(5,'账号自助-是否开启用户注册功能','sys.account.registerUser','false','Y','admin','2025-01-14 16:48:39','',NULL,'是否开启注册用户功能（true开启，false关闭）'),(6,'用户登录-黑名单列表','sys.login.blackIPList','','Y','admin','2025-01-14 16:48:39','',NULL,'设置登录IP黑名单限制，多个匹配项以;分隔，支持匹配（*通配、网段）');
/*!40000 ALTER TABLE `sys_config` ENABLE KEYS */;
UNLOCK TABLES;

--
-- Table structure for table `sys_dept`
--

DROP TABLE IF EXISTS `sys_dept`;
/*!40101 SET @saved_cs_client     = @@character_set_client */;
/*!50503 SET character_set_client = utf8mb4 */;
CREATE TABLE `sys_dept` (
  `dept_id` bigint NOT NULL AUTO_INCREMENT COMMENT '部门id',
  `parent_id` bigint DEFAULT '0' COMMENT '父部门id',
  `ancestors` varchar(50) DEFAULT '' COMMENT '祖级列表',
  `dept_name` varchar(30) DEFAULT '' COMMENT '部门名称',
  `order_num` int DEFAULT '0' COMMENT '显示顺序',
  `leader` varchar(20) DEFAULT NULL COMMENT '负责人',
  `phone` varchar(11) DEFAULT NULL COMMENT '联系电话',
  `email` varchar(50) DEFAULT NULL COMMENT '邮箱',
  `status` char(1) DEFAULT '0' COMMENT '部门状态（0正常 1停用）',
  `del_flag` char(1) DEFAULT '0' COMMENT '删除标志（0代表存在 2代表删除）',
  `create_by` varchar(64) DEFAULT '' COMMENT '创建者',
  `create_time` datetime DEFAULT NULL COMMENT '创建时间',
  `update_by` varchar(64) DEFAULT '' COMMENT '更新者',
  `update_time` datetime DEFAULT NULL COMMENT '更新时间',
  PRIMARY KEY (`dept_id`)
) ENGINE=InnoDB AUTO_INCREMENT=202 DEFAULT CHARSET=utf8mb4 COLLATE=utf8mb4_0900_ai_ci COMMENT='部门表';
/*!40101 SET character_set_client = @saved_cs_client */;

--
-- Dumping data for table `sys_dept`
--

LOCK TABLES `sys_dept` WRITE;
/*!40000 ALTER TABLE `sys_dept` DISABLE KEYS */;
INSERT INTO `sys_dept` VALUES (100,0,'0','KKYU',0,'kk','15888888888','kk@qq.com','0','0','admin','2025-01-14 16:48:36','',NULL),(101,100,'0,100','上海总公司',1,'kk','15888888888','kk@qq.com','0','0','admin','2025-01-14 16:48:36','',NULL),(102,100,'0,100','武汉分公司',2,'kk','15888888888','kk@qq.com','0','0','admin','2025-01-14 16:48:36','',NULL),(103,101,'0,100,101','研发部门',1,'kk','15888888888','kk@qq.com','0','0','admin','2025-01-14 16:48:36','',NULL),(104,101,'0,100,101','市场部门',2,'kk','15888888888','kk@qq.com','0','0','admin','2025-01-14 16:48:36','',NULL),(105,101,'0,100,101','测试部门',3,'kk','15888888888','kk@qq.com','0','2','admin','2025-01-14 16:48:36','',NULL),(106,101,'0,100,101','财务部门',4,'kk','15888888888','kk@qq.com','0','0','admin','2025-01-14 16:48:36','',NULL),(107,101,'0,100,101','运维部门',5,'kk','15888888888','kk@qq.com','0','0','admin','2025-01-14 16:48:36','',NULL),(108,102,'0,100,102','市场部门',1,'kk','15888888888','kk@qq.com','0','0','admin','2025-01-14 16:48:36','',NULL),(109,102,'0,100,102','财务部门',2,'kk','15888888888','kk@qq.com','0','0','admin','2025-01-14 16:48:36','',NULL),(200,101,'0,100,101','人事部门',6,NULL,NULL,NULL,'0','0','admin','2025-02-10 13:53:36','',NULL),(201,101,'0,100,101','测试部门',3,NULL,NULL,NULL,'0','0','admin','2025-02-12 15:12:34','',NULL);
/*!40000 ALTER TABLE `sys_dept` ENABLE KEYS */;
UNLOCK TABLES;

--
-- Table structure for table `sys_dict_data`
--

DROP TABLE IF EXISTS `sys_dict_data`;
/*!40101 SET @saved_cs_client     = @@character_set_client */;
/*!50503 SET character_set_client = utf8mb4 */;
CREATE TABLE `sys_dict_data` (
  `dict_code` bigint NOT NULL AUTO_INCREMENT COMMENT '字典编码',
  `dict_sort` int DEFAULT '0' COMMENT '字典排序',
  `dict_label` varchar(100) DEFAULT '' COMMENT '字典标签',
  `dict_value` varchar(100) DEFAULT '' COMMENT '字典键值',
  `dict_type` varchar(100) DEFAULT '' COMMENT '字典类型',
  `css_class` varchar(100) DEFAULT NULL COMMENT '样式属性（其他样式扩展）',
  `list_class` varchar(100) DEFAULT NULL COMMENT '表格回显样式',
  `is_default` char(1) DEFAULT 'N' COMMENT '是否默认（Y是 N否）',
  `status` char(1) DEFAULT '0' COMMENT '状态（0正常 1停用）',
  `create_by` varchar(64) DEFAULT '' COMMENT '创建者',
  `create_time` datetime DEFAULT NULL COMMENT '创建时间',
  `update_by` varchar(64) DEFAULT '' COMMENT '更新者',
  `update_time` datetime DEFAULT NULL COMMENT '更新时间',
  `remark` varchar(500) DEFAULT NULL COMMENT '备注',
  PRIMARY KEY (`dict_code`)
) ENGINE=InnoDB AUTO_INCREMENT=100 DEFAULT CHARSET=utf8mb4 COLLATE=utf8mb4_0900_ai_ci COMMENT='字典数据表';
/*!40101 SET character_set_client = @saved_cs_client */;

--
-- Dumping data for table `sys_dict_data`
--

LOCK TABLES `sys_dict_data` WRITE;
/*!40000 ALTER TABLE `sys_dict_data` DISABLE KEYS */;
INSERT INTO `sys_dict_data` VALUES (1,1,'男','0','sys_user_sex','','','Y','0','admin','2025-01-14 16:48:38','',NULL,'性别男'),(2,2,'女','1','sys_user_sex','','','N','0','admin','2025-01-14 16:48:38','',NULL,'性别女'),(3,3,'未知','2','sys_user_sex','','','N','0','admin','2025-01-14 16:48:38','',NULL,'性别未知'),(4,1,'显示','0','sys_show_hide','','primary','Y','0','admin','2025-01-14 16:48:38','',NULL,'显示菜单'),(5,2,'隐藏','1','sys_show_hide','','danger','N','0','admin','2025-01-14 16:48:38','',NULL,'隐藏菜单'),(6,1,'正常','0','sys_normal_disable','','primary','Y','0','admin','2025-01-14 16:48:38','',NULL,'正常状态'),(7,2,'停用','1','sys_normal_disable','','danger','N','0','admin','2025-01-14 16:48:38','',NULL,'停用状态'),(8,1,'正常','0','sys_job_status','','primary','Y','0','admin','2025-01-14 16:48:38','',NULL,'正常状态'),(9,2,'暂停','1','sys_job_status','','danger','N','0','admin','2025-01-14 16:48:38','',NULL,'停用状态'),(10,1,'默认','DEFAULT','sys_job_group','','','Y','0','admin','2025-01-14 16:48:38','',NULL,'默认分组'),(11,2,'系统','SYSTEM','sys_job_group','','','N','0','admin','2025-01-14 16:48:38','',NULL,'系统分组'),(12,1,'是','Y','sys_yes_no','','primary','Y','0','admin','2025-01-14 16:48:38','',NULL,'系统默认是'),(13,2,'否','N','sys_yes_no','','danger','N','0','admin','2025-01-14 16:48:38','',NULL,'系统默认否'),(14,1,'通知','1','sys_notice_type','','warning','Y','0','admin','2025-01-14 16:48:38','',NULL,'通知'),(15,2,'公告','2','sys_notice_type','','success','N','0','admin','2025-01-14 16:48:38','',NULL,'公告'),(16,1,'正常','0','sys_notice_status','','primary','Y','0','admin','2025-01-14 16:48:38','',NULL,'正常状态'),(17,2,'关闭','1','sys_notice_status','','danger','N','0','admin','2025-01-14 16:48:38','',NULL,'关闭状态'),(18,99,'其他','0','sys_oper_type','','info','N','0','admin','2025-01-14 16:48:38','',NULL,'其他操作'),(19,1,'新增','1','sys_oper_type','','info','N','0','admin','2025-01-14 16:48:38','',NULL,'新增操作'),(20,2,'修改','2','sys_oper_type','','info','N','0','admin','2025-01-14 16:48:38','',NULL,'修改操作'),(21,3,'删除','3','sys_oper_type','','danger','N','0','admin','2025-01-14 16:48:38','',NULL,'删除操作'),(22,4,'授权','4','sys_oper_type','','primary','N','0','admin','2025-01-14 16:48:38','',NULL,'授权操作'),(23,5,'导出','5','sys_oper_type','','warning','N','0','admin','2025-01-14 16:48:38','',NULL,'导出操作'),(24,6,'导入','6','sys_oper_type','','warning','N','0','admin','2025-01-14 16:48:38','',NULL,'导入操作'),(25,7,'强退','7','sys_oper_type','','danger','N','0','admin','2025-01-14 16:48:38','',NULL,'强退操作'),(26,8,'生成代码','8','sys_oper_type','','warning','N','0','admin','2025-01-14 16:48:38','',NULL,'生成操作'),(27,9,'清空数据','9','sys_oper_type','','danger','N','0','admin','2025-01-14 16:48:38','',NULL,'清空操作'),(28,1,'成功','0','sys_common_status','','primary','N','0','admin','2025-01-14 16:48:38','',NULL,'正常状态'),(29,2,'失败','1','sys_common_status','','danger','N','0','admin','2025-01-14 16:48:38','',NULL,'停用状态');
/*!40000 ALTER TABLE `sys_dict_data` ENABLE KEYS */;
UNLOCK TABLES;

--
-- Table structure for table `sys_dict_type`
--

DROP TABLE IF EXISTS `sys_dict_type`;
/*!40101 SET @saved_cs_client     = @@character_set_client */;
/*!50503 SET character_set_client = utf8mb4 */;
CREATE TABLE `sys_dict_type` (
  `dict_id` bigint NOT NULL AUTO_INCREMENT COMMENT '字典主键',
  `dict_name` varchar(100) DEFAULT '' COMMENT '字典名称',
  `dict_type` varchar(100) DEFAULT '' COMMENT '字典类型',
  `status` char(1) DEFAULT '0' COMMENT '状态（0正常 1停用）',
  `create_by` varchar(64) DEFAULT '' COMMENT '创建者',
  `create_time` datetime DEFAULT NULL COMMENT '创建时间',
  `update_by` varchar(64) DEFAULT '' COMMENT '更新者',
  `update_time` datetime DEFAULT NULL COMMENT '更新时间',
  `remark` varchar(500) DEFAULT NULL COMMENT '备注',
  PRIMARY KEY (`dict_id`),
  UNIQUE KEY `dict_type` (`dict_type`)
) ENGINE=InnoDB AUTO_INCREMENT=100 DEFAULT CHARSET=utf8mb4 COLLATE=utf8mb4_0900_ai_ci COMMENT='字典类型表';
/*!40101 SET character_set_client = @saved_cs_client */;

--
-- Dumping data for table `sys_dict_type`
--

LOCK TABLES `sys_dict_type` WRITE;
/*!40000 ALTER TABLE `sys_dict_type` DISABLE KEYS */;
INSERT INTO `sys_dict_type` VALUES (1,'用户性别','sys_user_sex','0','admin','2025-01-14 16:48:38','',NULL,'用户性别列表'),(2,'菜单状态','sys_show_hide','0','admin','2025-01-14 16:48:38','',NULL,'菜单状态列表'),(3,'系统开关','sys_normal_disable','0','admin','2025-01-14 16:48:38','',NULL,'系统开关列表'),(4,'任务状态','sys_job_status','0','admin','2025-01-14 16:48:38','',NULL,'任务状态列表'),(5,'任务分组','sys_job_group','0','admin','2025-01-14 16:48:38','',NULL,'任务分组列表'),(6,'系统是否','sys_yes_no','0','admin','2025-01-14 16:48:38','',NULL,'系统是否列表'),(7,'通知类型','sys_notice_type','0','admin','2025-01-14 16:48:38','',NULL,'通知类型列表'),(8,'通知状态','sys_notice_status','0','admin','2025-01-14 16:48:38','',NULL,'通知状态列表'),(9,'操作类型','sys_oper_type','0','admin','2025-01-14 16:48:38','',NULL,'操作类型列表'),(10,'系统状态','sys_common_status','0','admin','2025-01-14 16:48:38','',NULL,'登录状态列表');
/*!40000 ALTER TABLE `sys_dict_type` ENABLE KEYS */;
UNLOCK TABLES;

--
-- Table structure for table `sys_logininfor`
--

DROP TABLE IF EXISTS `sys_logininfor`;
/*!40101 SET @saved_cs_client     = @@character_set_client */;
/*!50503 SET character_set_client = utf8mb4 */;
CREATE TABLE `sys_logininfor` (
  `info_id` bigint NOT NULL AUTO_INCREMENT COMMENT '访问ID',
  `user_name` varchar(50) DEFAULT '' COMMENT '用户账号',
  `ipaddr` varchar(128) DEFAULT '' COMMENT '登录IP地址',
  `login_location` varchar(255) DEFAULT '' COMMENT '登录地点',
  `browser` varchar(50) DEFAULT '' COMMENT '浏览器类型',
  `os` varchar(50) DEFAULT '' COMMENT '操作系统',
  `status` char(1) DEFAULT '0' COMMENT '登录状态（0成功 1失败）',
  `msg` varchar(255) DEFAULT '' COMMENT '提示消息',
  `login_time` datetime DEFAULT NULL COMMENT '访问时间',
  PRIMARY KEY (`info_id`),
  KEY `idx_sys_logininfor_s` (`status`),
  KEY `idx_sys_logininfor_lt` (`login_time`)
) ENGINE=InnoDB AUTO_INCREMENT=58 DEFAULT CHARSET=utf8mb4 COLLATE=utf8mb4_0900_ai_ci COMMENT='系统访问记录';
/*!40101 SET character_set_client = @saved_cs_client */;

--
-- Dumping data for table `sys_logininfor`
--

LOCK TABLES `sys_logininfor` WRITE;
/*!40000 ALTER TABLE `sys_logininfor` DISABLE KEYS */;
INSERT INTO `sys_logininfor` VALUES (1,'admin','127.0.0.1','内网IP','Chrome 13','Mac OS X','0','登录成功','2025-02-06 13:32:59'),(2,'admin','127.0.0.1','内网IP','Chrome 13','Mac OS X','0','登录成功','2025-02-06 14:08:32'),(3,'admin','127.0.0.1','内网IP','Chrome 13','Mac OS X','0','登录成功','2025-02-10 10:37:55'),(4,'admin','127.0.0.1','内网IP','Chrome 13','Mac OS X','0','登录成功','2025-02-10 13:47:47'),(5,'admin','127.0.0.1','内网IP','Chrome 13','Mac OS X','0','登录成功','2025-02-10 16:33:56'),(6,'admin','127.0.0.1','内网IP','Chrome 13','Mac OS X','0','登录成功','2025-02-11 09:15:37'),(7,'admin','127.0.0.1','内网IP','Chrome 13','Mac OS X','0','退出成功','2025-02-11 10:06:11'),(8,'admin','127.0.0.1','内网IP','Chrome 13','Mac OS X','0','登录成功','2025-02-11 10:06:13'),(9,'admin','127.0.0.1','内网IP','Chrome 13','Mac OS X','0','退出成功','2025-02-11 10:40:36'),(10,'admin','127.0.0.1','内网IP','Chrome 13','Mac OS X','0','登录成功','2025-02-11 10:40:48'),(11,'admin','127.0.0.1','内网IP','Unknown','Unknown','1','用户不存在/密码错误','2025-02-11 10:42:19'),(12,'admin','127.0.0.1','内网IP','Chrome 13','Mac OS X','0','退出成功','2025-02-11 10:42:25'),(13,'admin','127.0.0.1','内网IP','Chrome 13','Mac OS X','0','登录成功','2025-02-11 10:42:27'),(14,'admin','127.0.0.1','内网IP','Unknown','Unknown','1','用户不存在/密码错误','2025-02-11 10:42:38'),(15,'admin','127.0.0.1','内网IP','Chrome 13','Mac OS X','0','退出成功','2025-02-11 10:42:45'),(16,'admin','127.0.0.1','内网IP','Chrome 13','Mac OS X','0','登录成功','2025-02-11 10:42:49'),(17,'admin','127.0.0.1','内网IP','Chrome 13','Mac OS X','0','退出成功','2025-02-11 10:45:09'),(18,'admin','127.0.0.1','内网IP','Chrome 13','Mac OS X','0','登录成功','2025-02-11 10:47:19'),(19,'admin','127.0.0.1','内网IP','Chrome 13','Mac OS X','0','登录成功','2025-02-11 10:47:20'),(20,'admin','127.0.0.1','内网IP','Chrome 13','Mac OS X','0','退出成功','2025-02-11 10:49:43'),(21,'admin','127.0.0.1','内网IP','Chrome 13','Mac OS X','0','登录成功','2025-02-11 10:49:45'),(22,'admin','127.0.0.1','内网IP','Chrome 13','Mac OS X','1','用户不存在/密码错误','2025-02-11 15:29:49'),(23,'admin','127.0.0.1','内网IP','Chrome 13','Mac OS X','1','用户不存在/密码错误','2025-02-11 15:29:56'),(24,'admin','127.0.0.1','内网IP','Chrome 13','Mac OS X','1','用户不存在/密码错误','2025-02-11 15:30:01'),(25,'admin','127.0.0.1','内网IP','Chrome 13','Mac OS X','0','登录成功','2025-02-11 15:30:54'),(26,'admin','127.0.0.1','内网IP','Chrome 13','Mac OS X','1','用户不存在/密码错误','2025-02-11 15:51:55'),(27,'admin','127.0.0.1','内网IP','Chrome 13','Mac OS X','0','登录成功','2025-02-11 15:52:00'),(28,'admin','127.0.0.1','内网IP','Chrome 13','Mac OS X','0','登录成功','2025-02-12 14:31:54'),(29,'admin','127.0.0.1','内网IP','Chrome 13','Mac OS X','0','登录成功','2025-02-12 14:33:04'),(30,'admin','127.0.0.1','内网IP','Chrome 13','Mac OS X','0','登录成功','2025-02-12 14:35:05'),(31,'admin','127.0.0.1','内网IP','Chrome 13','Mac OS X','0','登录成功','2025-02-12 14:42:33'),(32,'admin','127.0.0.1','内网IP','Chrome 13','Mac OS X','0','退出成功','2025-02-12 15:07:49'),(33,'acct','127.0.0.1','内网IP','Chrome 13','Mac OS X','0','登录成功','2025-02-12 15:07:53'),(34,'acct','127.0.0.1','内网IP','Chrome 13','Mac OS X','0','退出成功','2025-02-12 15:08:00'),(35,'hr','127.0.0.1','内网IP','Chrome 13','Mac OS X','0','登录成功','2025-02-12 15:08:04'),(36,'hr','127.0.0.1','内网IP','Chrome 13','Mac OS X','0','退出成功','2025-02-12 15:08:28'),(37,'admin','127.0.0.1','内网IP','Chrome 13','Mac OS X','0','登录成功','2025-02-12 15:08:29'),(38,'admin','127.0.0.1','内网IP','Chrome 13','Mac OS X','0','退出成功','2025-02-12 15:09:41'),(39,'hr','127.0.0.1','内网IP','Chrome 13','Mac OS X','0','登录成功','2025-02-12 15:09:45'),(40,'hr','127.0.0.1','内网IP','Chrome 13','Mac OS X','0','退出成功','2025-02-12 15:10:03'),(41,'admin','127.0.0.1','内网IP','Chrome 13','Mac OS X','0','登录成功','2025-02-12 15:10:04'),(42,'admin','127.0.0.1','内网IP','Chrome 13','Mac OS X','0','退出成功','2025-02-12 15:11:15'),(43,'hr','127.0.0.1','内网IP','Chrome 13','Mac OS X','0','登录成功','2025-02-12 15:11:19'),(44,'hr','127.0.0.1','内网IP','Chrome 13','Mac OS X','0','退出成功','2025-02-12 15:11:46'),(45,'admin','127.0.0.1','内网IP','Chrome 13','Mac OS X','0','登录成功','2025-02-12 15:11:47'),(46,'admin','127.0.0.1','内网IP','Chrome 13','Mac OS X','0','退出成功','2025-02-12 15:12:37'),(47,'hr','127.0.0.1','内网IP','Chrome 13','Mac OS X','0','登录成功','2025-02-12 15:12:42'),(48,'hr','127.0.0.1','内网IP','Chrome 13','Mac OS X','0','退出成功','2025-02-12 15:13:26'),(49,'admin','127.0.0.1','内网IP','Chrome 13','Mac OS X','0','登录成功','2025-02-12 15:13:27'),(50,'admin','127.0.0.1','内网IP','Chrome 13','Mac OS X','0','退出成功','2025-02-12 15:15:12'),(51,'hr','127.0.0.1','内网IP','Chrome 13','Mac OS X','0','登录成功','2025-02-12 15:15:16'),(52,'hr','127.0.0.1','内网IP','Chrome 13','Mac OS X','0','退出成功','2025-02-12 15:19:07'),(53,'admin','127.0.0.1','内网IP','Chrome 13','Mac OS X','0','登录成功','2025-02-12 15:19:09'),(54,'admin','127.0.0.1','内网IP','Chrome 13','Mac OS X','0','退出成功','2025-02-12 15:20:51'),(55,'hr','127.0.0.1','内网IP','Chrome 13','Mac OS X','0','登录成功','2025-02-12 15:20:55'),(56,'hr','127.0.0.1','内网IP','Chrome 13','Mac OS X','0','退出成功','2025-02-12 15:21:06'),(57,'admin','127.0.0.1','内网IP','Chrome 13','Mac OS X','0','登录成功','2025-02-12 15:21:07');
/*!40000 ALTER TABLE `sys_logininfor` ENABLE KEYS */;
UNLOCK TABLES;

--
-- Table structure for table `sys_menu`
--

DROP TABLE IF EXISTS `sys_menu`;
/*!40101 SET @saved_cs_client     = @@character_set_client */;
/*!50503 SET character_set_client = utf8mb4 */;
CREATE TABLE `sys_menu` (
  `menu_id` bigint NOT NULL AUTO_INCREMENT COMMENT '菜单ID',
  `menu_name` varchar(50) NOT NULL COMMENT '菜单名称',
  `parent_id` bigint DEFAULT '0' COMMENT '父菜单ID',
  `order_num` int DEFAULT '0' COMMENT '显示顺序',
  `path` varchar(200) DEFAULT '' COMMENT '路由地址',
  `component` varchar(255) DEFAULT NULL COMMENT '组件路径',
  `query` varchar(255) DEFAULT NULL COMMENT '路由参数',
  `route_name` varchar(50) DEFAULT '' COMMENT '路由名称',
  `is_frame` int DEFAULT '1' COMMENT '是否为外链（0是 1否）',
  `is_cache` int DEFAULT '0' COMMENT '是否缓存（0缓存 1不缓存）',
  `menu_type` char(1) DEFAULT '' COMMENT '菜单类型（M目录 C菜单 F按钮）',
  `visible` char(1) DEFAULT '0' COMMENT '菜单状态（0显示 1隐藏）',
  `status` char(1) DEFAULT '0' COMMENT '菜单状态（0正常 1停用）',
  `perms` varchar(100) DEFAULT NULL COMMENT '权限标识',
  `icon` varchar(100) DEFAULT '#' COMMENT '菜单图标',
  `create_by` varchar(64) DEFAULT '' COMMENT '创建者',
  `create_time` datetime DEFAULT NULL COMMENT '创建时间',
  `update_by` varchar(64) DEFAULT '' COMMENT '更新者',
  `update_time` datetime DEFAULT NULL COMMENT '更新时间',
  `remark` varchar(500) DEFAULT '' COMMENT '备注',
  PRIMARY KEY (`menu_id`)
) ENGINE=InnoDB AUTO_INCREMENT=2014 DEFAULT CHARSET=utf8mb4 COLLATE=utf8mb4_0900_ai_ci COMMENT='菜单权限表';
/*!40101 SET character_set_client = @saved_cs_client */;

--
-- Dumping data for table `sys_menu`
--

LOCK TABLES `sys_menu` WRITE;
/*!40000 ALTER TABLE `sys_menu` DISABLE KEYS */;
INSERT INTO `sys_menu` VALUES (1,'系统管理',0,1,'system',NULL,'','',1,0,'M','0','0','','system','admin','2025-01-14 16:48:36','',NULL,'系统管理目录'),(2,'系统监控',0,2,'monitor',NULL,'','',1,0,'M','0','0','','monitor','admin','2025-01-14 16:48:36','',NULL,'系统监控目录'),(3,'系统工具',0,3,'tool',NULL,'','',1,0,'M','0','0','','tool','admin','2025-01-14 16:48:36','',NULL,'系统工具目录'),(100,'用户管理',1,1,'user','system/user/index','','',1,0,'C','0','0','system:user:list','user','admin','2025-01-14 16:48:36','',NULL,'用户管理菜单'),(101,'角色管理',1,2,'role','system/role/index','','',1,0,'C','0','0','system:role:list','peoples','admin','2025-01-14 16:48:36','',NULL,'角色管理菜单'),(102,'菜单管理',1,3,'menu','system/menu/index','','',1,0,'C','0','0','system:menu:list','tree-table','admin','2025-01-14 16:48:36','',NULL,'菜单管理菜单'),(103,'部门管理',1,4,'dept','system/dept/index','','',1,0,'C','0','0','system:dept:list','tree','admin','2025-01-14 16:48:36','',NULL,'部门管理菜单'),(104,'岗位管理',1,5,'post','system/post/index','','',1,0,'C','0','0','system:post:list','post','admin','2025-01-14 16:48:36','',NULL,'岗位管理菜单'),(105,'字典管理',1,6,'dict','system/dict/index','','',1,0,'C','0','0','system:dict:list','dict','admin','2025-01-14 16:48:36','',NULL,'字典管理菜单'),(106,'参数设置',1,7,'config','system/config/index','','',1,0,'C','0','0','system:config:list','edit','admin','2025-01-14 16:48:36','',NULL,'参数设置菜单'),(107,'通知公告',1,8,'notice','system/notice/index','','',1,0,'C','0','0','system:notice:list','message','admin','2025-01-14 16:48:36','',NULL,'通知公告菜单'),(108,'日志管理',1,9,'log','','','',1,0,'M','0','0','','log','admin','2025-01-14 16:48:36','',NULL,'日志管理菜单'),(111,'数据监控',2,3,'druid','monitor/druid/index','','',1,0,'C','0','0','monitor:druid:list','druid','admin','2025-01-14 16:48:36','',NULL,'数据监控菜单'),(112,'服务监控',2,4,'server','monitor/server/index','','',1,0,'C','0','0','monitor:server:list','server','admin','2025-01-14 16:48:36','',NULL,'服务监控菜单'),(113,'缓存监控',2,5,'cache','monitor/cache/index','','',1,0,'C','0','0','monitor:cache:list','redis','admin','2025-01-14 16:48:36','',NULL,'缓存监控菜单'),(114,'缓存列表',2,6,'cacheList','monitor/cache/list','','',1,0,'C','0','0','monitor:cache:list','redis-list','admin','2025-01-14 16:48:36','',NULL,'缓存列表菜单'),(115,'表单构建',3,1,'build','tool/build/index','','',1,0,'C','0','0','tool:build:list','build','admin','2025-01-14 16:48:37','',NULL,'表单构建菜单'),(116,'代码生成',3,2,'gen','tool/gen/index','','',1,0,'C','0','0','tool:gen:list','code','admin','2025-01-14 16:48:37','',NULL,'代码生成菜单'),(117,'系统接口',3,3,'swagger','tool/swagger/index','','',1,0,'C','0','0','tool:swagger:list','swagger','admin','2025-01-14 16:48:37','',NULL,'系统接口菜单'),(500,'操作日志',108,1,'operlog','monitor/operlog/index','','',1,0,'C','0','0','monitor:operlog:list','form','admin','2025-01-14 16:48:37','',NULL,'操作日志菜单'),(501,'登录日志',108,2,'logininfor','monitor/logininfor/index','','',1,0,'C','0','0','monitor:logininfor:list','logininfor','admin','2025-01-14 16:48:37','',NULL,'登录日志菜单'),(1000,'用户查询',100,1,'','','','',1,0,'F','0','0','system:user:query','#','admin','2025-01-14 16:48:37','',NULL,''),(1001,'用户新增',100,2,'','','','',1,0,'F','0','0','system:user:add','#','admin','2025-01-14 16:48:37','',NULL,''),(1002,'用户修改',100,3,'','','','',1,0,'F','0','0','system:user:edit','#','admin','2025-01-14 16:48:37','',NULL,''),(1003,'用户删除',100,4,'','','','',1,0,'F','0','0','system:user:remove','#','admin','2025-01-14 16:48:37','',NULL,''),(1004,'用户导出',100,5,'','','','',1,0,'F','0','0','system:user:export','#','admin','2025-01-14 16:48:37','',NULL,''),(1005,'用户导入',100,6,'','','','',1,0,'F','0','0','system:user:import','#','admin','2025-01-14 16:48:37','',NULL,''),(1006,'重置密码',100,7,'','','','',1,0,'F','0','0','system:user:resetPwd','#','admin','2025-01-14 16:48:37','',NULL,''),(1007,'角色查询',101,1,'','','','',1,0,'F','0','0','system:role:query','#','admin','2025-01-14 16:48:37','',NULL,''),(1008,'角色新增',101,2,'','','','',1,0,'F','0','0','system:role:add','#','admin','2025-01-14 16:48:37','',NULL,''),(1009,'角色修改',101,3,'','','','',1,0,'F','0','0','system:role:edit','#','admin','2025-01-14 16:48:37','',NULL,''),(1010,'角色删除',101,4,'','','','',1,0,'F','0','0','system:role:remove','#','admin','2025-01-14 16:48:37','',NULL,''),(1011,'角色导出',101,5,'','','','',1,0,'F','0','0','system:role:export','#','admin','2025-01-14 16:48:37','',NULL,''),(1012,'菜单查询',102,1,'','','','',1,0,'F','0','0','system:menu:query','#','admin','2025-01-14 16:48:37','',NULL,''),(1013,'菜单新增',102,2,'','','','',1,0,'F','0','0','system:menu:add','#','admin','2025-01-14 16:48:37','',NULL,''),(1014,'菜单修改',102,3,'','','','',1,0,'F','0','0','system:menu:edit','#','admin','2025-01-14 16:48:37','',NULL,''),(1015,'菜单删除',102,4,'','','','',1,0,'F','0','0','system:menu:remove','#','admin','2025-01-14 16:48:37','',NULL,''),(1016,'部门查询',103,1,'','','','',1,0,'F','0','0','system:dept:query','#','admin','2025-01-14 16:48:37','',NULL,''),(1017,'部门新增',103,2,'','','','',1,0,'F','0','0','system:dept:add','#','admin','2025-01-14 16:48:37','',NULL,''),(1018,'部门修改',103,3,'','','','',1,0,'F','0','0','system:dept:edit','#','admin','2025-01-14 16:48:37','',NULL,''),(1019,'部门删除',103,4,'','','','',1,0,'F','0','0','system:dept:remove','#','admin','2025-01-14 16:48:37','',NULL,''),(1020,'岗位查询',104,1,'','','','',1,0,'F','0','0','system:post:query','#','admin','2025-01-14 16:48:37','',NULL,''),(1021,'岗位新增',104,2,'','','','',1,0,'F','0','0','system:post:add','#','admin','2025-01-14 16:48:37','',NULL,''),(1022,'岗位修改',104,3,'','','','',1,0,'F','0','0','system:post:edit','#','admin','2025-01-14 16:48:37','',NULL,''),(1023,'岗位删除',104,4,'','','','',1,0,'F','0','0','system:post:remove','#','admin','2025-01-14 16:48:37','',NULL,''),(1024,'岗位导出',104,5,'','','','',1,0,'F','0','0','system:post:export','#','admin','2025-01-14 16:48:37','',NULL,''),(1025,'字典查询',105,1,'#','','','',1,0,'F','0','0','system:dict:query','#','admin','2025-01-14 16:48:37','',NULL,''),(1026,'字典新增',105,2,'#','','','',1,0,'F','0','0','system:dict:add','#','admin','2025-01-14 16:48:37','',NULL,''),(1027,'字典修改',105,3,'#','','','',1,0,'F','0','0','system:dict:edit','#','admin','2025-01-14 16:48:37','',NULL,''),(1028,'字典删除',105,4,'#','','','',1,0,'F','0','0','system:dict:remove','#','admin','2025-01-14 16:48:37','',NULL,''),(1029,'字典导出',105,5,'#','','','',1,0,'F','0','0','system:dict:export','#','admin','2025-01-14 16:48:37','',NULL,''),(1030,'参数查询',106,1,'#','','','',1,0,'F','0','0','system:config:query','#','admin','2025-01-14 16:48:37','',NULL,''),(1031,'参数新增',106,2,'#','','','',1,0,'F','0','0','system:config:add','#','admin','2025-01-14 16:48:37','',NULL,''),(1032,'参数修改',106,3,'#','','','',1,0,'F','0','0','system:config:edit','#','admin','2025-01-14 16:48:37','',NULL,''),(1033,'参数删除',106,4,'#','','','',1,0,'F','0','0','system:config:remove','#','admin','2025-01-14 16:48:37','',NULL,''),(1034,'参数导出',106,5,'#','','','',1,0,'F','0','0','system:config:export','#','admin','2025-01-14 16:48:37','',NULL,''),(1035,'公告查询',107,1,'#','','','',1,0,'F','0','0','system:notice:query','#','admin','2025-01-14 16:48:37','',NULL,''),(1036,'公告新增',107,2,'#','','','',1,0,'F','0','0','system:notice:add','#','admin','2025-01-14 16:48:37','',NULL,''),(1037,'公告修改',107,3,'#','','','',1,0,'F','0','0','system:notice:edit','#','admin','2025-01-14 16:48:37','',NULL,''),(1038,'公告删除',107,4,'#','','','',1,0,'F','0','0','system:notice:remove','#','admin','2025-01-14 16:48:37','',NULL,''),(1039,'操作查询',500,1,'#','','','',1,0,'F','0','0','monitor:operlog:query','#','admin','2025-01-14 16:48:37','',NULL,''),(1040,'操作删除',500,2,'#','','','',1,0,'F','0','0','monitor:operlog:remove','#','admin','2025-01-14 16:48:37','',NULL,''),(1041,'日志导出',500,3,'#','','','',1,0,'F','0','0','monitor:operlog:export','#','admin','2025-01-14 16:48:37','',NULL,''),(1042,'登录查询',501,1,'#','','','',1,0,'F','0','0','monitor:logininfor:query','#','admin','2025-01-14 16:48:37','',NULL,''),(1043,'登录删除',501,2,'#','','','',1,0,'F','0','0','monitor:logininfor:remove','#','admin','2025-01-14 16:48:37','',NULL,''),(1044,'日志导出',501,3,'#','','','',1,0,'F','0','0','monitor:logininfor:export','#','admin','2025-01-14 16:48:37','',NULL,''),(1045,'账户解锁',501,4,'#','','','',1,0,'F','0','0','monitor:logininfor:unlock','#','admin','2025-01-14 16:48:37','',NULL,''),(1055,'生成查询',116,1,'#','','','',1,0,'F','0','0','tool:gen:query','#','admin','2025-01-14 16:48:37','',NULL,''),(1056,'生成修改',116,2,'#','','','',1,0,'F','0','0','tool:gen:edit','#','admin','2025-01-14 16:48:37','',NULL,''),(1057,'生成删除',116,3,'#','','','',1,0,'F','0','0','tool:gen:remove','#','admin','2025-01-14 16:48:37','',NULL,''),(1058,'导入代码',116,4,'#','','','',1,0,'F','0','0','tool:gen:import','#','admin','2025-01-14 16:48:37','',NULL,''),(1059,'预览代码',116,5,'#','','','',1,0,'F','0','0','tool:gen:preview','#','admin','2025-01-14 16:48:37','',NULL,''),(1060,'生成代码',116,6,'#','','','',1,0,'F','0','0','tool:gen:code','#','admin','2025-01-14 16:48:37','',NULL,''),(2000,'财务管理',0,4,'finance',NULL,NULL,'',1,0,'M','0','0','','财务','admin','2025-02-11 09:32:04','admin','2025-02-12 15:23:31',''),(2008,'薪资管理',2000,1,'salary','finance/salary/index',NULL,'',1,0,'C','0','0','finance:salary:list','薪资','admin','2025-02-11 10:32:27','admin','2025-02-12 15:24:03','薪资管理菜单'),(2009,'薪资管理查询',2008,1,'#','',NULL,'',1,0,'F','0','0','finance:salary:query','#','admin','2025-02-11 10:32:27','',NULL,''),(2010,'薪资管理新增',2008,2,'#','',NULL,'',1,0,'F','0','0','finance:salary:add','#','admin','2025-02-11 10:32:27','',NULL,''),(2011,'薪资管理修改',2008,3,'#','',NULL,'',1,0,'F','0','0','finance:salary:edit','#','admin','2025-02-11 10:32:27','',NULL,''),(2012,'薪资管理删除',2008,4,'#','',NULL,'',1,0,'F','0','0','finance:salary:remove','#','admin','2025-02-11 10:32:27','',NULL,''),(2013,'薪资管理导出',2008,5,'#','',NULL,'',1,0,'F','0','0','finance:salary:export','#','admin','2025-02-11 10:32:27','',NULL,'');
/*!40000 ALTER TABLE `sys_menu` ENABLE KEYS */;
UNLOCK TABLES;

--
-- Table structure for table `sys_notice`
--

DROP TABLE IF EXISTS `sys_notice`;
/*!40101 SET @saved_cs_client     = @@character_set_client */;
/*!50503 SET character_set_client = utf8mb4 */;
CREATE TABLE `sys_notice` (
  `notice_id` int NOT NULL AUTO_INCREMENT COMMENT '公告ID',
  `notice_title` varchar(50) NOT NULL COMMENT '公告标题',
  `notice_type` char(1) NOT NULL COMMENT '公告类型（1通知 2公告）',
  `notice_content` longblob COMMENT '公告内容',
  `status` char(1) DEFAULT '0' COMMENT '公告状态（0正常 1关闭）',
  `create_by` varchar(64) DEFAULT '' COMMENT '创建者',
  `create_time` datetime DEFAULT NULL COMMENT '创建时间',
  `update_by` varchar(64) DEFAULT '' COMMENT '更新者',
  `update_time` datetime DEFAULT NULL COMMENT '更新时间',
  `remark` varchar(255) DEFAULT NULL COMMENT '备注',
  PRIMARY KEY (`notice_id`)
) ENGINE=InnoDB AUTO_INCREMENT=10 DEFAULT CHARSET=utf8mb4 COLLATE=utf8mb4_0900_ai_ci COMMENT='通知公告表';
/*!40101 SET character_set_client = @saved_cs_client */;

--
-- Dumping data for table `sys_notice`
--

LOCK TABLES `sys_notice` WRITE;
/*!40000 ALTER TABLE `sys_notice` DISABLE KEYS */;
/*!40000 ALTER TABLE `sys_notice` ENABLE KEYS */;
UNLOCK TABLES;

--
-- Table structure for table `sys_oper_log`
--

DROP TABLE IF EXISTS `sys_oper_log`;
/*!40101 SET @saved_cs_client     = @@character_set_client */;
/*!50503 SET character_set_client = utf8mb4 */;
CREATE TABLE `sys_oper_log` (
  `oper_id` bigint NOT NULL AUTO_INCREMENT COMMENT '日志主键',
  `title` varchar(50) DEFAULT '' COMMENT '模块标题',
  `business_type` int DEFAULT '0' COMMENT '业务类型（0其它 1新增 2修改 3删除）',
  `method` varchar(200) DEFAULT '' COMMENT '方法名称',
  `request_method` varchar(10) DEFAULT '' COMMENT '请求方式',
  `operator_type` int DEFAULT '0' COMMENT '操作类别（0其它 1后台用户 2手机端用户）',
  `oper_name` varchar(50) DEFAULT '' COMMENT '操作人员',
  `dept_name` varchar(50) DEFAULT '' COMMENT '部门名称',
  `oper_url` varchar(255) DEFAULT '' COMMENT '请求URL',
  `oper_ip` varchar(128) DEFAULT '' COMMENT '主机地址',
  `oper_location` varchar(255) DEFAULT '' COMMENT '操作地点',
  `oper_param` varchar(2000) DEFAULT '' COMMENT '请求参数',
  `json_result` varchar(2000) DEFAULT '' COMMENT '返回参数',
  `status` int DEFAULT '0' COMMENT '操作状态（0正常 1异常）',
  `error_msg` varchar(2000) DEFAULT '' COMMENT '错误消息',
  `oper_time` datetime DEFAULT NULL COMMENT '操作时间',
  `cost_time` bigint DEFAULT '0' COMMENT '消耗时间',
  PRIMARY KEY (`oper_id`),
  KEY `idx_sys_oper_log_bt` (`business_type`),
  KEY `idx_sys_oper_log_s` (`status`),
  KEY `idx_sys_oper_log_ot` (`oper_time`)
) ENGINE=InnoDB AUTO_INCREMENT=116 DEFAULT CHARSET=utf8mb4 COLLATE=utf8mb4_0900_ai_ci COMMENT='操作日志记录';
/*!40101 SET character_set_client = @saved_cs_client */;

--
-- Dumping data for table `sys_oper_log`
--

LOCK TABLES `sys_oper_log` WRITE;
/*!40000 ALTER TABLE `sys_oper_log` DISABLE KEYS */;
INSERT INTO `sys_oper_log` VALUES (1,'操作日志',9,'kkyu.web.controller.monitor.SysOperlogController.clean()','DELETE',1,'admin','研发部门','/monitor/operlog/clean','127.0.0.1','内网IP','','{\"msg\":\"操作成功\",\"code\":200}',0,NULL,'2025-02-06 14:24:21',34),(2,'用户头像',2,'kkyu.web.controller.system.SysProfileController.avatar()','POST',1,'admin','研发部门','/system/user/profile/avatar','127.0.0.1','内网IP','','{\"msg\":\"操作成功\",\"imgUrl\":\"/profile/avatar/2025/02/10/01_20250210104330A001.jpg\",\"code\":200}',0,NULL,'2025-02-10 10:43:30',48),(3,'个人信息',2,'kkyu.web.controller.system.SysProfileController.updateProfile()','PUT',1,'admin','研发部门','/system/user/profile','127.0.0.1','内网IP','{\"admin\":false,\"email\":\"kk@163.com\",\"nickName\":\"管理员\",\"params\":{},\"phonenumber\":\"15888888888\",\"sex\":\"0\"}','{\"msg\":\"操作成功\",\"code\":200}',0,NULL,'2025-02-10 10:43:33',14),(4,'角色管理',1,'kkyu.web.controller.system.SysRoleController.add()','POST',1,'admin','研发部门','/system/role','127.0.0.1','内网IP','{\"admin\":false,\"createBy\":\"admin\",\"deptCheckStrictly\":true,\"deptIds\":[],\"flag\":false,\"menuCheckStrictly\":true,\"menuIds\":[],\"params\":{},\"roleId\":100,\"roleKey\":\"finance\",\"roleName\":\"财务\",\"roleSort\":20,\"status\":\"0\"}','{\"msg\":\"操作成功\",\"code\":200}',0,NULL,'2025-02-10 13:50:42',18),(5,'角色管理',2,'kkyu.web.controller.system.SysRoleController.edit()','PUT',1,'admin','研发部门','/system/role','127.0.0.1','内网IP','{\"admin\":false,\"createTime\":\"2025-01-14 16:48:36\",\"dataScope\":\"2\",\"delFlag\":\"0\",\"deptCheckStrictly\":false,\"flag\":false,\"menuCheckStrictly\":false,\"menuIds\":[1,100,1000,1001,1002,1003,1004,1005,1006,101,1007,1008,1009,1010,1011,102,1012,1013,1014,1015,103,1016,1017,1018,1019,104,1020,1021,1022,1023,1024,105,1025,1026,1027,1028,1029,106,1030,1031,1032,1033,1034,107,1035,1036,1037,1038,108,500,1039,1040,1041,501,1042,1043,1044,1045,109,1046,1047,1048,111,112,113,114,115,116,1055,1056,1057,1058,1059,1060,117,1049,1050,1051,1052,1053,1054],\"params\":{},\"remark\":\"人事\",\"roleId\":2,\"roleKey\":\"common\",\"roleName\":\"人事\",\"roleSort\":10,\"status\":\"0\",\"updateBy\":\"admin\"}','{\"msg\":\"操作成功\",\"code\":200}',0,NULL,'2025-02-10 13:51:40',33),(6,'角色管理',2,'kkyu.web.controller.system.SysRoleController.edit()','PUT',1,'admin','研发部门','/system/role','127.0.0.1','内网IP','{\"admin\":false,\"createTime\":\"2025-01-14 16:48:36\",\"dataScope\":\"2\",\"delFlag\":\"0\",\"deptCheckStrictly\":false,\"flag\":false,\"menuCheckStrictly\":false,\"menuIds\":[1,100,1000,1001,1002,1003,1004,1005,1006,101,1007,1008,1009,1010,1011,102,1012,1013,1014,1015,103,1016,1017,1018,1019,104,1020,1021,1022,1023,1024,105,1025,1026,1027,1028,1029,106,1030,1031,1032,1033,1034,107,1035,1036,1037,1038,108,500,1039,1040,1041,501,1042,1043,1044,1045,109,1046,1047,1048,111,112,113,114,115,116,1055,1056,1057,1058,1059,1060,117,1049,1050,1051,1052,1053,1054],\"params\":{},\"remark\":\"人事\",\"roleId\":2,\"roleKey\":\"hr\",\"roleName\":\"人事\",\"roleSort\":10,\"status\":\"0\",\"updateBy\":\"admin\"}','{\"msg\":\"操作成功\",\"code\":200}',0,NULL,'2025-02-10 13:52:09',23),(7,'角色管理',2,'kkyu.web.controller.system.SysRoleController.edit()','PUT',1,'admin','研发部门','/system/role','127.0.0.1','内网IP','{\"admin\":false,\"createTime\":\"2025-02-10 13:50:42\",\"dataScope\":\"1\",\"delFlag\":\"0\",\"deptCheckStrictly\":true,\"flag\":false,\"menuCheckStrictly\":true,\"menuIds\":[],\"params\":{},\"roleId\":100,\"roleKey\":\"fd\",\"roleName\":\"财务\",\"roleSort\":20,\"status\":\"0\",\"updateBy\":\"admin\"}','{\"msg\":\"操作成功\",\"code\":200}',0,NULL,'2025-02-10 13:52:36',18),(8,'部门管理',1,'kkyu.web.controller.system.SysDeptController.add()','POST',1,'admin','研发部门','/system/dept','127.0.0.1','内网IP','{\"ancestors\":\"0,100,101\",\"children\":[],\"createBy\":\"admin\",\"deptName\":\"人事部门\",\"orderNum\":6,\"params\":{},\"parentId\":101,\"status\":\"0\"}','{\"msg\":\"操作成功\",\"code\":200}',0,NULL,'2025-02-10 13:53:36',9),(9,'用户管理',2,'kkyu.web.controller.system.SysUserController.edit()','PUT',1,'admin','研发部门','/system/user','127.0.0.1','内网IP','{\"admin\":false,\"avatar\":\"\",\"createBy\":\"admin\",\"createTime\":\"2025-01-14 16:48:36\",\"delFlag\":\"0\",\"dept\":{\"ancestors\":\"0,100,101\",\"children\":[],\"deptId\":105,\"deptName\":\"测试部门\",\"leader\":\"kk\",\"orderNum\":3,\"params\":{},\"parentId\":101,\"status\":\"0\"},\"deptId\":200,\"email\":\"kk@qq.com\",\"loginDate\":\"2025-01-14 16:48:36\",\"loginIp\":\"127.0.0.1\",\"nickName\":\"人事测试\",\"params\":{},\"phonenumber\":\"15666666666\",\"postIds\":[3],\"remark\":\"人事测试\",\"roleIds\":[2],\"roles\":[{\"admin\":false,\"dataScope\":\"2\",\"deptCheckStrictly\":false,\"flag\":false,\"menuCheckStrictly\":false,\"params\":{},\"roleId\":2,\"roleKey\":\"hr\",\"roleName\":\"人事\",\"roleSort\":10,\"status\":\"0\"}],\"sex\":\"1\",\"status\":\"0\",\"updateBy\":\"admin\",\"userId\":2,\"userName\":\"test\"}','{\"msg\":\"操作成功\",\"code\":200}',0,NULL,'2025-02-10 13:54:18',10),(10,'代码生成',6,'kkyu.generator.controller.GenController.importTableSave()','POST',1,'admin','研发部门','/tool/gen/importTable','127.0.0.1','内网IP','{\"tables\":\"salary_management\"}','{\"msg\":\"操作成功\",\"code\":200}',0,NULL,'2025-02-11 09:26:13',74),(11,'代码生成',3,'kkyu.generator.controller.GenController.remove()','DELETE',1,'admin','研发部门','/tool/gen/1','127.0.0.1','内网IP','[1]','{\"msg\":\"操作成功\",\"code\":200}',0,NULL,'2025-02-11 09:28:00',19),(12,'代码生成',6,'kkyu.generator.controller.GenController.importTableSave()','POST',1,'admin','研发部门','/tool/gen/importTable','127.0.0.1','内网IP','{\"tables\":\"salary_management\"}','{\"msg\":\"操作成功\",\"code\":200}',0,NULL,'2025-02-11 09:28:07',54),(13,'代码生成',2,'kkyu.generator.controller.GenController.editSave()','PUT',1,'admin','研发部门','/tool/gen','127.0.0.1','内网IP','{\"businessName\":\"management\",\"className\":\"SalaryManagement\",\"columns\":[{\"capJavaField\":\"Id\",\"columnComment\":\"主键ID\",\"columnId\":12,\"columnName\":\"id\",\"columnType\":\"bigint\",\"createBy\":\"admin\",\"createTime\":\"2025-02-11 09:28:07\",\"dictType\":\"\",\"edit\":false,\"htmlType\":\"input\",\"increment\":true,\"insert\":false,\"isIncrement\":\"1\",\"isInsert\":\"0\",\"isPk\":\"1\",\"isRequired\":\"0\",\"javaField\":\"id\",\"javaType\":\"Long\",\"list\":false,\"params\":{},\"pk\":true,\"query\":false,\"queryType\":\"EQ\",\"required\":false,\"sort\":1,\"superColumn\":false,\"tableId\":2,\"updateBy\":\"\",\"usableColumn\":false},{\"capJavaField\":\"EmployeeName\",\"columnComment\":\"员工姓名\",\"columnId\":13,\"columnName\":\"employee_name\",\"columnType\":\"varchar(100)\",\"createBy\":\"admin\",\"createTime\":\"2025-02-11 09:28:07\",\"dictType\":\"\",\"edit\":true,\"htmlType\":\"input\",\"increment\":false,\"insert\":true,\"isEdit\":\"1\",\"isIncrement\":\"0\",\"isInsert\":\"1\",\"isList\":\"1\",\"isPk\":\"0\",\"isQuery\":\"1\",\"isRequired\":\"1\",\"javaField\":\"employeeName\",\"javaType\":\"String\",\"list\":true,\"params\":{},\"pk\":false,\"query\":true,\"queryType\":\"LIKE\",\"required\":true,\"sort\":2,\"superColumn\":false,\"tableId\":2,\"updateBy\":\"\",\"usableColumn\":false},{\"capJavaField\":\"BaseSalary\",\"columnComment\":\"基本工资\",\"columnId\":14,\"columnName\":\"base_salary\",\"columnType\":\"decimal(10,2)\",\"createBy\":\"admin\",\"createTime\":\"2025-02-11 09:28:07\",\"dictType\":\"\",\"edit\":true,\"htmlType\":\"input\",\"increment\":false,\"insert\":true,\"isEdit\":\"1\",\"isIncrement\":\"0\",\"isInsert\":\"1\",\"isList\":\"1\",\"isPk\":\"0\",\"isQuery\":\"1\",\"isRequired\":\"1\",\"javaField\":\"baseSalary\",\"javaType\":\"BigDecimal\",\"list\":true,\"params\":{},\"pk\":false,\"query\":true,\"queryType\":\"EQ\",\"required\":true,\"sort\":3,\"superColumn\":false,\"tableId\":2,\"updateBy\":\"\",\"usableColumn\":false},{\"capJavaField\":\"Bonus\",\"columnComment\":\"奖金\",\"columnId\":15,\"columnName\":\"bonus\",\"columnType\":\"decimal(10,2)\",\"createBy\":\"admin\",\"createTime\":\"2025-02-11 09:28:07\",\"dictType\":\"\",\"edit\":true,\"htmlType\":\"input\",\"increment\":false,\"insert\":true,\"isEdit\":\"1\",\"isIncrement\":\"0\",\"isInsert\":\"1\",\"isList\":\"1\",\"isPk\":\"0\",\"isQuery','{\"msg\":\"操作成功\",\"code\":200}',0,NULL,'2025-02-11 09:31:23',30),(14,'菜单管理',1,'kkyu.web.controller.system.SysMenuController.add()','POST',1,'admin','研发部门','/system/menu','127.0.0.1','内网IP','{\"children\":[],\"createBy\":\"admin\",\"icon\":\"money\",\"isCache\":\"0\",\"isFrame\":\"1\",\"menuName\":\"财务管理\",\"menuType\":\"M\",\"orderNum\":4,\"params\":{},\"parentId\":0,\"path\":\"finance\",\"status\":\"0\",\"visible\":\"0\"}','{\"msg\":\"操作成功\",\"code\":200}',0,NULL,'2025-02-11 09:32:04',15),(15,'菜单管理',1,'kkyu.web.controller.system.SysMenuController.add()','POST',1,'admin','研发部门','/system/menu','127.0.0.1','内网IP','{\"children\":[],\"createBy\":\"admin\",\"icon\":\"money\",\"isCache\":\"0\",\"isFrame\":\"1\",\"menuName\":\"薪资管理\",\"menuType\":\"C\",\"orderNum\":1,\"params\":{},\"parentId\":2000,\"path\":\"salary\",\"status\":\"0\",\"visible\":\"0\"}','{\"msg\":\"操作成功\",\"code\":200}',0,NULL,'2025-02-11 09:33:28',15),(16,'菜单管理',2,'kkyu.web.controller.system.SysMenuController.edit()','PUT',1,'admin','研发部门','/system/menu','127.0.0.1','内网IP','{\"children\":[],\"createTime\":\"2025-02-11 09:32:04\",\"icon\":\"monitor\",\"isCache\":\"0\",\"isFrame\":\"1\",\"menuId\":2000,\"menuName\":\"财务管理\",\"menuType\":\"M\",\"orderNum\":4,\"params\":{},\"parentId\":0,\"path\":\"finance\",\"perms\":\"\",\"routeName\":\"\",\"status\":\"0\",\"updateBy\":\"admin\",\"visible\":\"0\"}','{\"msg\":\"操作成功\",\"code\":200}',0,NULL,'2025-02-11 09:33:36',17),(17,'代码生成',8,'kkyu.generator.controller.GenController.batchGenCode()','GET',1,'admin','研发部门','/tool/gen/batchGenCode','127.0.0.1','内网IP','{\"tables\":\"salary_management\"}',NULL,0,NULL,'2025-02-11 09:34:08',102),(18,'代码生成',2,'kkyu.generator.controller.GenController.editSave()','PUT',1,'admin','研发部门','/tool/gen','127.0.0.1','内网IP','{\"businessName\":\"management\",\"className\":\"SalaryManagement\",\"columns\":[{\"capJavaField\":\"Id\",\"columnComment\":\"主键ID\",\"columnId\":12,\"columnName\":\"id\",\"columnType\":\"bigint\",\"createBy\":\"admin\",\"createTime\":\"2025-02-11 09:28:07\",\"dictType\":\"\",\"edit\":false,\"htmlType\":\"input\",\"increment\":true,\"insert\":false,\"isIncrement\":\"1\",\"isInsert\":\"0\",\"isPk\":\"1\",\"isRequired\":\"0\",\"javaField\":\"id\",\"javaType\":\"Long\",\"list\":false,\"params\":{},\"pk\":true,\"query\":false,\"queryType\":\"EQ\",\"required\":false,\"sort\":1,\"superColumn\":false,\"tableId\":2,\"updateBy\":\"\",\"updateTime\":\"2025-02-11 09:31:23\",\"usableColumn\":false},{\"capJavaField\":\"EmployeeName\",\"columnComment\":\"员工姓名\",\"columnId\":13,\"columnName\":\"employee_name\",\"columnType\":\"varchar(100)\",\"createBy\":\"admin\",\"createTime\":\"2025-02-11 09:28:07\",\"dictType\":\"\",\"edit\":true,\"htmlType\":\"input\",\"increment\":false,\"insert\":true,\"isEdit\":\"1\",\"isIncrement\":\"0\",\"isInsert\":\"1\",\"isList\":\"1\",\"isPk\":\"0\",\"isQuery\":\"1\",\"isRequired\":\"1\",\"javaField\":\"employeeName\",\"javaType\":\"String\",\"list\":true,\"params\":{},\"pk\":false,\"query\":true,\"queryType\":\"LIKE\",\"required\":true,\"sort\":2,\"superColumn\":false,\"tableId\":2,\"updateBy\":\"\",\"updateTime\":\"2025-02-11 09:31:23\",\"usableColumn\":false},{\"capJavaField\":\"BaseSalary\",\"columnComment\":\"基本工资\",\"columnId\":14,\"columnName\":\"base_salary\",\"columnType\":\"decimal(10,2)\",\"createBy\":\"admin\",\"createTime\":\"2025-02-11 09:28:07\",\"dictType\":\"\",\"edit\":true,\"htmlType\":\"input\",\"increment\":false,\"insert\":true,\"isEdit\":\"1\",\"isIncrement\":\"0\",\"isInsert\":\"1\",\"isList\":\"1\",\"isPk\":\"0\",\"isQuery\":\"1\",\"isRequired\":\"1\",\"javaField\":\"baseSalary\",\"javaType\":\"BigDecimal\",\"list\":true,\"params\":{},\"pk\":false,\"query\":true,\"queryType\":\"EQ\",\"required\":true,\"sort\":3,\"superColumn\":false,\"tableId\":2,\"updateBy\":\"\",\"updateTime\":\"2025-02-11 09:31:23\",\"usableColumn\":false},{\"capJavaField\":\"Bonus\",\"columnComment\":\"奖金\",\"columnId\":15,\"columnName\":\"bonus\",\"columnType\":\"decimal(10,2)\",\"createBy\":\"admin\",\"createTime\":\"2025-02-11 09:28:07\",\"dictType\":\"\",\"edit\":true,\"htmlType\":\"input\",\"incr','{\"msg\":\"操作成功\",\"code\":200}',0,NULL,'2025-02-11 09:34:32',14),(19,'菜单管理',3,'kkyu.web.controller.system.SysMenuController.remove()','DELETE',1,'admin','研发部门','/system/menu/2001','127.0.0.1','内网IP','2001','{\"msg\":\"操作成功\",\"code\":200}',0,NULL,'2025-02-11 09:34:43',22),(20,'代码生成',3,'kkyu.generator.controller.GenController.remove()','DELETE',1,'admin','研发部门','/tool/gen/2','127.0.0.1','内网IP','[2]','{\"msg\":\"操作成功\",\"code\":200}',0,NULL,'2025-02-11 09:37:19',12),(21,'代码生成',6,'kkyu.generator.controller.GenController.importTableSave()','POST',1,'admin','研发部门','/tool/gen/importTable','127.0.0.1','内网IP','{\"tables\":\"finance_salary\"}','{\"msg\":\"操作成功\",\"code\":200}',0,NULL,'2025-02-11 09:37:25',41),(22,'代码生成',2,'kkyu.generator.controller.GenController.editSave()','PUT',1,'admin','研发部门','/tool/gen','127.0.0.1','内网IP','{\"businessName\":\"salary\",\"className\":\"FinanceSalary\",\"columns\":[{\"capJavaField\":\"Id\",\"columnComment\":\"主键ID\",\"columnId\":24,\"columnName\":\"id\",\"columnType\":\"bigint\",\"createBy\":\"admin\",\"createTime\":\"2025-02-11 09:37:25\",\"dictType\":\"\",\"edit\":false,\"htmlType\":\"input\",\"increment\":true,\"insert\":false,\"isIncrement\":\"1\",\"isInsert\":\"0\",\"isPk\":\"1\",\"isRequired\":\"0\",\"javaField\":\"id\",\"javaType\":\"Long\",\"list\":false,\"params\":{},\"pk\":true,\"query\":false,\"queryType\":\"EQ\",\"required\":false,\"sort\":1,\"superColumn\":false,\"tableId\":3,\"updateBy\":\"\",\"usableColumn\":false},{\"capJavaField\":\"EmployeeName\",\"columnComment\":\"员工姓名\",\"columnId\":25,\"columnName\":\"employee_name\",\"columnType\":\"varchar(100)\",\"createBy\":\"admin\",\"createTime\":\"2025-02-11 09:37:25\",\"dictType\":\"\",\"edit\":true,\"htmlType\":\"input\",\"increment\":false,\"insert\":true,\"isEdit\":\"1\",\"isIncrement\":\"0\",\"isInsert\":\"1\",\"isList\":\"1\",\"isPk\":\"0\",\"isQuery\":\"1\",\"isRequired\":\"1\",\"javaField\":\"employeeName\",\"javaType\":\"String\",\"list\":true,\"params\":{},\"pk\":false,\"query\":true,\"queryType\":\"LIKE\",\"required\":true,\"sort\":2,\"superColumn\":false,\"tableId\":3,\"updateBy\":\"\",\"usableColumn\":false},{\"capJavaField\":\"BaseSalary\",\"columnComment\":\"基本工资\",\"columnId\":26,\"columnName\":\"base_salary\",\"columnType\":\"decimal(10,2)\",\"createBy\":\"admin\",\"createTime\":\"2025-02-11 09:37:25\",\"dictType\":\"\",\"edit\":true,\"htmlType\":\"input\",\"increment\":false,\"insert\":true,\"isEdit\":\"1\",\"isIncrement\":\"0\",\"isInsert\":\"1\",\"isList\":\"1\",\"isPk\":\"0\",\"isQuery\":\"1\",\"isRequired\":\"1\",\"javaField\":\"baseSalary\",\"javaType\":\"BigDecimal\",\"list\":true,\"params\":{},\"pk\":false,\"query\":true,\"queryType\":\"EQ\",\"required\":true,\"sort\":3,\"superColumn\":false,\"tableId\":3,\"updateBy\":\"\",\"usableColumn\":false},{\"capJavaField\":\"Bonus\",\"columnComment\":\"奖金\",\"columnId\":27,\"columnName\":\"bonus\",\"columnType\":\"decimal(10,2)\",\"createBy\":\"admin\",\"createTime\":\"2025-02-11 09:37:25\",\"dictType\":\"\",\"edit\":true,\"htmlType\":\"input\",\"increment\":false,\"insert\":true,\"isEdit\":\"1\",\"isIncrement\":\"0\",\"isInsert\":\"1\",\"isList\":\"1\",\"isPk\":\"0\",\"isQuery\":\"1\",\"','{\"msg\":\"操作成功\",\"code\":200}',0,NULL,'2025-02-11 09:38:08',14),(23,'代码生成',2,'kkyu.generator.controller.GenController.editSave()','PUT',1,'admin','研发部门','/tool/gen','127.0.0.1','内网IP','{\"businessName\":\"salary\",\"className\":\"FinanceSalary\",\"columns\":[{\"capJavaField\":\"Id\",\"columnComment\":\"主键ID\",\"columnId\":24,\"columnName\":\"id\",\"columnType\":\"bigint\",\"createBy\":\"admin\",\"createTime\":\"2025-02-11 09:37:25\",\"dictType\":\"\",\"edit\":false,\"htmlType\":\"input\",\"increment\":true,\"insert\":false,\"isIncrement\":\"1\",\"isInsert\":\"0\",\"isPk\":\"1\",\"isRequired\":\"0\",\"javaField\":\"id\",\"javaType\":\"Long\",\"list\":false,\"params\":{},\"pk\":true,\"query\":false,\"queryType\":\"EQ\",\"required\":false,\"sort\":1,\"superColumn\":false,\"tableId\":3,\"updateBy\":\"\",\"updateTime\":\"2025-02-11 09:38:08\",\"usableColumn\":false},{\"capJavaField\":\"EmployeeName\",\"columnComment\":\"员工姓名\",\"columnId\":25,\"columnName\":\"employee_name\",\"columnType\":\"varchar(100)\",\"createBy\":\"admin\",\"createTime\":\"2025-02-11 09:37:25\",\"dictType\":\"\",\"edit\":true,\"htmlType\":\"input\",\"increment\":false,\"insert\":true,\"isEdit\":\"1\",\"isIncrement\":\"0\",\"isInsert\":\"1\",\"isList\":\"1\",\"isPk\":\"0\",\"isQuery\":\"1\",\"isRequired\":\"1\",\"javaField\":\"employeeName\",\"javaType\":\"String\",\"list\":true,\"params\":{},\"pk\":false,\"query\":true,\"queryType\":\"LIKE\",\"required\":true,\"sort\":2,\"superColumn\":false,\"tableId\":3,\"updateBy\":\"\",\"updateTime\":\"2025-02-11 09:38:08\",\"usableColumn\":false},{\"capJavaField\":\"BaseSalary\",\"columnComment\":\"基本工资\",\"columnId\":26,\"columnName\":\"base_salary\",\"columnType\":\"decimal(10,2)\",\"createBy\":\"admin\",\"createTime\":\"2025-02-11 09:37:25\",\"dictType\":\"\",\"edit\":true,\"htmlType\":\"input\",\"increment\":false,\"insert\":true,\"isEdit\":\"1\",\"isIncrement\":\"0\",\"isInsert\":\"1\",\"isList\":\"1\",\"isPk\":\"0\",\"isQuery\":\"1\",\"isRequired\":\"1\",\"javaField\":\"baseSalary\",\"javaType\":\"BigDecimal\",\"list\":true,\"params\":{},\"pk\":false,\"query\":true,\"queryType\":\"EQ\",\"required\":true,\"sort\":3,\"superColumn\":false,\"tableId\":3,\"updateBy\":\"\",\"updateTime\":\"2025-02-11 09:38:08\",\"usableColumn\":false},{\"capJavaField\":\"Bonus\",\"columnComment\":\"奖金\",\"columnId\":27,\"columnName\":\"bonus\",\"columnType\":\"decimal(10,2)\",\"createBy\":\"admin\",\"createTime\":\"2025-02-11 09:37:25\",\"dictType\":\"\",\"edit\":true,\"htmlType\":\"input\",\"increment\":','{\"msg\":\"操作成功\",\"code\":200}',0,NULL,'2025-02-11 09:38:28',29),(24,'代码生成',2,'kkyu.generator.controller.GenController.editSave()','PUT',1,'admin','研发部门','/tool/gen','127.0.0.1','内网IP','{\"businessName\":\"salary\",\"className\":\"FinanceSalary\",\"columns\":[{\"capJavaField\":\"Id\",\"columnComment\":\"主键ID\",\"columnId\":24,\"columnName\":\"id\",\"columnType\":\"bigint\",\"createBy\":\"admin\",\"createTime\":\"2025-02-11 09:37:25\",\"dictType\":\"\",\"edit\":false,\"htmlType\":\"input\",\"increment\":true,\"insert\":false,\"isIncrement\":\"1\",\"isInsert\":\"0\",\"isPk\":\"1\",\"isRequired\":\"0\",\"javaField\":\"id\",\"javaType\":\"Long\",\"list\":false,\"params\":{},\"pk\":true,\"query\":false,\"queryType\":\"EQ\",\"required\":false,\"sort\":1,\"superColumn\":false,\"tableId\":3,\"updateBy\":\"\",\"updateTime\":\"2025-02-11 09:38:28\",\"usableColumn\":false},{\"capJavaField\":\"EmployeeName\",\"columnComment\":\"员工姓名\",\"columnId\":25,\"columnName\":\"employee_name\",\"columnType\":\"varchar(100)\",\"createBy\":\"admin\",\"createTime\":\"2025-02-11 09:37:25\",\"dictType\":\"\",\"edit\":true,\"htmlType\":\"input\",\"increment\":false,\"insert\":true,\"isEdit\":\"1\",\"isIncrement\":\"0\",\"isInsert\":\"1\",\"isList\":\"1\",\"isPk\":\"0\",\"isQuery\":\"1\",\"isRequired\":\"1\",\"javaField\":\"employeeName\",\"javaType\":\"String\",\"list\":true,\"params\":{},\"pk\":false,\"query\":true,\"queryType\":\"LIKE\",\"required\":true,\"sort\":2,\"superColumn\":false,\"tableId\":3,\"updateBy\":\"\",\"updateTime\":\"2025-02-11 09:38:28\",\"usableColumn\":false},{\"capJavaField\":\"BaseSalary\",\"columnComment\":\"基本工资\",\"columnId\":26,\"columnName\":\"base_salary\",\"columnType\":\"decimal(10,2)\",\"createBy\":\"admin\",\"createTime\":\"2025-02-11 09:37:25\",\"dictType\":\"\",\"edit\":true,\"htmlType\":\"input\",\"increment\":false,\"insert\":true,\"isEdit\":\"1\",\"isIncrement\":\"0\",\"isInsert\":\"1\",\"isList\":\"1\",\"isPk\":\"0\",\"isQuery\":\"1\",\"isRequired\":\"1\",\"javaField\":\"baseSalary\",\"javaType\":\"BigDecimal\",\"list\":true,\"params\":{},\"pk\":false,\"query\":true,\"queryType\":\"EQ\",\"required\":true,\"sort\":3,\"superColumn\":false,\"tableId\":3,\"updateBy\":\"\",\"updateTime\":\"2025-02-11 09:38:28\",\"usableColumn\":false},{\"capJavaField\":\"Bonus\",\"columnComment\":\"奖金\",\"columnId\":27,\"columnName\":\"bonus\",\"columnType\":\"decimal(10,2)\",\"createBy\":\"admin\",\"createTime\":\"2025-02-11 09:37:25\",\"dictType\":\"\",\"edit\":true,\"htmlType\":\"input\",\"increment\":','{\"msg\":\"操作成功\",\"code\":200}',0,NULL,'2025-02-11 09:38:46',23),(25,'代码生成',8,'kkyu.generator.controller.GenController.batchGenCode()','GET',1,'admin','研发部门','/tool/gen/batchGenCode','127.0.0.1','内网IP','{\"tables\":\"finance_salary\"}',NULL,0,NULL,'2025-02-11 09:38:48',38),(26,'菜单管理',2,'kkyu.web.controller.system.SysMenuController.edit()','PUT',1,'admin','研发部门','/system/menu','127.0.0.1','内网IP','{\"children\":[],\"component\":\"finance/salary/index\",\"createTime\":\"2025-02-11 09:39:26\",\"icon\":\"money\",\"isCache\":\"0\",\"isFrame\":\"1\",\"menuId\":2002,\"menuName\":\"薪资管理\",\"menuType\":\"C\",\"orderNum\":1,\"params\":{},\"parentId\":2000,\"path\":\"salary\",\"perms\":\"finance:salary:list\",\"routeName\":\"\",\"status\":\"0\",\"updateBy\":\"admin\",\"visible\":\"0\"}','{\"msg\":\"操作成功\",\"code\":200}',0,NULL,'2025-02-11 09:47:03',14),(27,'代码生成',2,'kkyu.generator.controller.GenController.editSave()','PUT',1,'admin','研发部门','/tool/gen','127.0.0.1','内网IP','{\"businessName\":\"salary\",\"className\":\"FinanceSalary\",\"columns\":[{\"capJavaField\":\"Id\",\"columnComment\":\"主键ID\",\"columnId\":24,\"columnName\":\"id\",\"columnType\":\"bigint\",\"createBy\":\"admin\",\"createTime\":\"2025-02-11 09:37:25\",\"dictType\":\"\",\"edit\":false,\"htmlType\":\"input\",\"increment\":true,\"insert\":false,\"isIncrement\":\"1\",\"isInsert\":\"0\",\"isPk\":\"1\",\"isRequired\":\"0\",\"javaField\":\"id\",\"javaType\":\"Long\",\"list\":false,\"params\":{},\"pk\":true,\"query\":false,\"queryType\":\"EQ\",\"required\":false,\"sort\":1,\"superColumn\":false,\"tableId\":3,\"updateBy\":\"\",\"updateTime\":\"2025-02-11 09:38:46\",\"usableColumn\":false},{\"capJavaField\":\"EmployeeName\",\"columnComment\":\"员工姓名\",\"columnId\":25,\"columnName\":\"employee_name\",\"columnType\":\"varchar(100)\",\"createBy\":\"admin\",\"createTime\":\"2025-02-11 09:37:25\",\"dictType\":\"\",\"edit\":true,\"htmlType\":\"input\",\"increment\":false,\"insert\":true,\"isEdit\":\"1\",\"isIncrement\":\"0\",\"isInsert\":\"1\",\"isList\":\"1\",\"isPk\":\"0\",\"isQuery\":\"1\",\"isRequired\":\"1\",\"javaField\":\"employeeName\",\"javaType\":\"String\",\"list\":true,\"params\":{},\"pk\":false,\"query\":true,\"queryType\":\"LIKE\",\"required\":true,\"sort\":2,\"superColumn\":false,\"tableId\":3,\"updateBy\":\"\",\"updateTime\":\"2025-02-11 09:38:46\",\"usableColumn\":false},{\"capJavaField\":\"BaseSalary\",\"columnComment\":\"基本工资\",\"columnId\":26,\"columnName\":\"base_salary\",\"columnType\":\"decimal(10,2)\",\"createBy\":\"admin\",\"createTime\":\"2025-02-11 09:37:25\",\"dictType\":\"\",\"edit\":true,\"htmlType\":\"input\",\"increment\":false,\"insert\":true,\"isEdit\":\"1\",\"isIncrement\":\"0\",\"isInsert\":\"1\",\"isList\":\"1\",\"isPk\":\"0\",\"isQuery\":\"1\",\"isRequired\":\"1\",\"javaField\":\"baseSalary\",\"javaType\":\"BigDecimal\",\"list\":true,\"params\":{},\"pk\":false,\"query\":true,\"queryType\":\"EQ\",\"required\":true,\"sort\":3,\"superColumn\":false,\"tableId\":3,\"updateBy\":\"\",\"updateTime\":\"2025-02-11 09:38:46\",\"usableColumn\":false},{\"capJavaField\":\"Bonus\",\"columnComment\":\"奖金\",\"columnId\":27,\"columnName\":\"bonus\",\"columnType\":\"decimal(10,2)\",\"createBy\":\"admin\",\"createTime\":\"2025-02-11 09:37:25\",\"dictType\":\"\",\"edit\":true,\"htmlType\":\"input\",\"increment\":','{\"msg\":\"操作成功\",\"code\":200}',0,NULL,'2025-02-11 10:15:34',55),(28,'菜单管理',3,'kkyu.web.controller.system.SysMenuController.remove()','DELETE',1,'admin','研发部门','/system/menu/2002','127.0.0.1','内网IP','2002','{\"msg\":\"存在子菜单,不允许删除\",\"code\":601}',0,NULL,'2025-02-11 10:21:55',12),(29,'菜单管理',3,'kkyu.web.controller.system.SysMenuController.remove()','DELETE',1,'admin','研发部门','/system/menu/2003','127.0.0.1','内网IP','2003','{\"msg\":\"操作成功\",\"code\":200}',0,NULL,'2025-02-11 10:21:59',16),(30,'菜单管理',3,'kkyu.web.controller.system.SysMenuController.remove()','DELETE',1,'admin','研发部门','/system/menu/2004','127.0.0.1','内网IP','2004','{\"msg\":\"操作成功\",\"code\":200}',0,NULL,'2025-02-11 10:22:01',14),(31,'菜单管理',3,'kkyu.web.controller.system.SysMenuController.remove()','DELETE',1,'admin','研发部门','/system/menu/2005','127.0.0.1','内网IP','2005','{\"msg\":\"操作成功\",\"code\":200}',0,NULL,'2025-02-11 10:22:03',15),(32,'菜单管理',3,'kkyu.web.controller.system.SysMenuController.remove()','DELETE',1,'admin','研发部门','/system/menu/2006','127.0.0.1','内网IP','2006','{\"msg\":\"操作成功\",\"code\":200}',0,NULL,'2025-02-11 10:22:05',13),(33,'菜单管理',3,'kkyu.web.controller.system.SysMenuController.remove()','DELETE',1,'admin','研发部门','/system/menu/2007','127.0.0.1','内网IP','2007','{\"msg\":\"操作成功\",\"code\":200}',0,NULL,'2025-02-11 10:22:06',15),(34,'菜单管理',3,'kkyu.web.controller.system.SysMenuController.remove()','DELETE',1,'admin','研发部门','/system/menu/2002','127.0.0.1','内网IP','2002','{\"msg\":\"操作成功\",\"code\":200}',0,NULL,'2025-02-11 10:22:08',13),(35,'代码生成',3,'kkyu.generator.controller.GenController.remove()','DELETE',1,'admin','研发部门','/tool/gen/3','127.0.0.1','内网IP','[3]','{\"msg\":\"操作成功\",\"code\":200}',0,NULL,'2025-02-11 10:26:35',17),(36,'代码生成',6,'kkyu.generator.controller.GenController.importTableSave()','POST',1,'admin','研发部门','/tool/gen/importTable','127.0.0.1','内网IP','{\"tables\":\"finance_salary\"}','{\"msg\":\"操作成功\",\"code\":200}',0,NULL,'2025-02-11 10:26:39',73),(37,'代码生成',2,'kkyu.generator.controller.GenController.editSave()','PUT',1,'admin','研发部门','/tool/gen','127.0.0.1','内网IP','{\"businessName\":\"salary\",\"className\":\"FinanceSalary\",\"columns\":[{\"capJavaField\":\"Id\",\"columnComment\":\"主键ID\",\"columnId\":36,\"columnName\":\"id\",\"columnType\":\"bigint\",\"createBy\":\"admin\",\"createTime\":\"2025-02-11 10:26:39\",\"dictType\":\"\",\"edit\":false,\"htmlType\":\"input\",\"increment\":true,\"insert\":false,\"isIncrement\":\"1\",\"isInsert\":\"0\",\"isPk\":\"1\",\"isRequired\":\"0\",\"javaField\":\"id\",\"javaType\":\"Long\",\"list\":false,\"params\":{},\"pk\":true,\"query\":false,\"queryType\":\"EQ\",\"required\":false,\"sort\":1,\"superColumn\":false,\"tableId\":4,\"updateBy\":\"\",\"usableColumn\":false},{\"capJavaField\":\"EmployeeId\",\"columnComment\":\"员工ID\",\"columnId\":37,\"columnName\":\"employee_id\",\"columnType\":\"bigint\",\"createBy\":\"admin\",\"createTime\":\"2025-02-11 10:26:39\",\"dictType\":\"\",\"edit\":true,\"htmlType\":\"input\",\"increment\":false,\"insert\":true,\"isEdit\":\"1\",\"isIncrement\":\"0\",\"isInsert\":\"1\",\"isList\":\"1\",\"isPk\":\"0\",\"isQuery\":\"1\",\"isRequired\":\"1\",\"javaField\":\"employeeId\",\"javaType\":\"Long\",\"list\":true,\"params\":{},\"pk\":false,\"query\":true,\"queryType\":\"EQ\",\"required\":true,\"sort\":2,\"superColumn\":false,\"tableId\":4,\"updateBy\":\"\",\"usableColumn\":false},{\"capJavaField\":\"BaseSalary\",\"columnComment\":\"基本工资\",\"columnId\":38,\"columnName\":\"base_salary\",\"columnType\":\"decimal(10,2)\",\"createBy\":\"admin\",\"createTime\":\"2025-02-11 10:26:39\",\"dictType\":\"\",\"edit\":true,\"htmlType\":\"input\",\"increment\":false,\"insert\":true,\"isEdit\":\"1\",\"isIncrement\":\"0\",\"isInsert\":\"1\",\"isList\":\"1\",\"isPk\":\"0\",\"isQuery\":\"1\",\"isRequired\":\"1\",\"javaField\":\"baseSalary\",\"javaType\":\"BigDecimal\",\"list\":true,\"params\":{},\"pk\":false,\"query\":true,\"queryType\":\"EQ\",\"required\":true,\"sort\":3,\"superColumn\":false,\"tableId\":4,\"updateBy\":\"\",\"usableColumn\":false},{\"capJavaField\":\"Bonus\",\"columnComment\":\"奖金\",\"columnId\":39,\"columnName\":\"bonus\",\"columnType\":\"decimal(10,2)\",\"createBy\":\"admin\",\"createTime\":\"2025-02-11 10:26:39\",\"dictType\":\"\",\"edit\":true,\"htmlType\":\"input\",\"increment\":false,\"insert\":true,\"isEdit\":\"1\",\"isIncrement\":\"0\",\"isInsert\":\"1\",\"isList\":\"1\",\"isPk\":\"0\",\"isQuery\":\"1\",\"isRequired\":\"0\",','{\"msg\":\"操作成功\",\"code\":200}',0,NULL,'2025-02-11 10:31:20',24),(38,'代码生成',2,'kkyu.generator.controller.GenController.editSave()','PUT',1,'admin','研发部门','/tool/gen','127.0.0.1','内网IP','{\"businessName\":\"salary\",\"className\":\"FinanceSalary\",\"columns\":[{\"capJavaField\":\"Id\",\"columnComment\":\"主键ID\",\"columnId\":36,\"columnName\":\"id\",\"columnType\":\"bigint\",\"createBy\":\"admin\",\"createTime\":\"2025-02-11 10:26:39\",\"dictType\":\"\",\"edit\":false,\"htmlType\":\"input\",\"increment\":true,\"insert\":false,\"isIncrement\":\"1\",\"isInsert\":\"0\",\"isPk\":\"1\",\"isRequired\":\"0\",\"javaField\":\"id\",\"javaType\":\"Long\",\"list\":false,\"params\":{},\"pk\":true,\"query\":false,\"queryType\":\"EQ\",\"required\":false,\"sort\":1,\"superColumn\":false,\"tableId\":4,\"updateBy\":\"\",\"updateTime\":\"2025-02-11 10:31:20\",\"usableColumn\":false},{\"capJavaField\":\"EmployeeId\",\"columnComment\":\"员工ID\",\"columnId\":37,\"columnName\":\"employee_id\",\"columnType\":\"bigint\",\"createBy\":\"admin\",\"createTime\":\"2025-02-11 10:26:39\",\"dictType\":\"\",\"edit\":true,\"htmlType\":\"input\",\"increment\":false,\"insert\":true,\"isEdit\":\"1\",\"isIncrement\":\"0\",\"isInsert\":\"1\",\"isList\":\"1\",\"isPk\":\"0\",\"isQuery\":\"1\",\"isRequired\":\"1\",\"javaField\":\"employeeId\",\"javaType\":\"Long\",\"list\":true,\"params\":{},\"pk\":false,\"query\":true,\"queryType\":\"EQ\",\"required\":true,\"sort\":2,\"superColumn\":false,\"tableId\":4,\"updateBy\":\"\",\"updateTime\":\"2025-02-11 10:31:20\",\"usableColumn\":false},{\"capJavaField\":\"BaseSalary\",\"columnComment\":\"基本工资\",\"columnId\":38,\"columnName\":\"base_salary\",\"columnType\":\"decimal(10,2)\",\"createBy\":\"admin\",\"createTime\":\"2025-02-11 10:26:39\",\"dictType\":\"\",\"edit\":true,\"htmlType\":\"input\",\"increment\":false,\"insert\":true,\"isEdit\":\"1\",\"isIncrement\":\"0\",\"isInsert\":\"1\",\"isList\":\"1\",\"isPk\":\"0\",\"isQuery\":\"1\",\"isRequired\":\"1\",\"javaField\":\"baseSalary\",\"javaType\":\"BigDecimal\",\"list\":true,\"params\":{},\"pk\":false,\"query\":true,\"queryType\":\"EQ\",\"required\":true,\"sort\":3,\"superColumn\":false,\"tableId\":4,\"updateBy\":\"\",\"updateTime\":\"2025-02-11 10:31:20\",\"usableColumn\":false},{\"capJavaField\":\"Bonus\",\"columnComment\":\"奖金\",\"columnId\":39,\"columnName\":\"bonus\",\"columnType\":\"decimal(10,2)\",\"createBy\":\"admin\",\"createTime\":\"2025-02-11 10:26:39\",\"dictType\":\"\",\"edit\":true,\"htmlType\":\"input\",\"increment\":false,\"insert\":t','{\"msg\":\"操作成功\",\"code\":200}',0,NULL,'2025-02-11 10:31:39',25),(39,'代码生成',8,'kkyu.generator.controller.GenController.batchGenCode()','GET',1,'admin','研发部门','/tool/gen/batchGenCode','127.0.0.1','内网IP','{\"tables\":\"finance_salary\"}',NULL,0,NULL,'2025-02-11 10:31:59',39),(40,'代码生成',2,'kkyu.generator.controller.GenController.editSave()','PUT',1,'admin','研发部门','/tool/gen','127.0.0.1','内网IP','{\"businessName\":\"salary\",\"className\":\"FinanceSalary\",\"columns\":[{\"capJavaField\":\"Id\",\"columnComment\":\"主键ID\",\"columnId\":36,\"columnName\":\"id\",\"columnType\":\"bigint\",\"createBy\":\"admin\",\"createTime\":\"2025-02-11 10:26:39\",\"dictType\":\"\",\"edit\":false,\"htmlType\":\"input\",\"increment\":true,\"insert\":false,\"isIncrement\":\"1\",\"isInsert\":\"0\",\"isPk\":\"1\",\"isRequired\":\"0\",\"javaField\":\"id\",\"javaType\":\"Long\",\"list\":false,\"params\":{},\"pk\":true,\"query\":false,\"queryType\":\"EQ\",\"required\":false,\"sort\":1,\"superColumn\":false,\"tableId\":4,\"updateBy\":\"\",\"updateTime\":\"2025-02-11 10:31:39\",\"usableColumn\":false},{\"capJavaField\":\"EmployeeId\",\"columnComment\":\"员工ID\",\"columnId\":37,\"columnName\":\"employee_id\",\"columnType\":\"bigint\",\"createBy\":\"admin\",\"createTime\":\"2025-02-11 10:26:39\",\"dictType\":\"\",\"edit\":true,\"htmlType\":\"input\",\"increment\":false,\"insert\":true,\"isEdit\":\"1\",\"isIncrement\":\"0\",\"isInsert\":\"1\",\"isList\":\"1\",\"isPk\":\"0\",\"isQuery\":\"1\",\"isRequired\":\"1\",\"javaField\":\"employeeId\",\"javaType\":\"Long\",\"list\":true,\"params\":{},\"pk\":false,\"query\":true,\"queryType\":\"EQ\",\"required\":true,\"sort\":2,\"superColumn\":false,\"tableId\":4,\"updateBy\":\"\",\"updateTime\":\"2025-02-11 10:31:39\",\"usableColumn\":false},{\"capJavaField\":\"BaseSalary\",\"columnComment\":\"基本工资\",\"columnId\":38,\"columnName\":\"base_salary\",\"columnType\":\"decimal(10,2)\",\"createBy\":\"admin\",\"createTime\":\"2025-02-11 10:26:39\",\"dictType\":\"\",\"edit\":true,\"htmlType\":\"input\",\"increment\":false,\"insert\":true,\"isEdit\":\"1\",\"isIncrement\":\"0\",\"isInsert\":\"1\",\"isList\":\"1\",\"isPk\":\"0\",\"isQuery\":\"1\",\"isRequired\":\"1\",\"javaField\":\"baseSalary\",\"javaType\":\"BigDecimal\",\"list\":true,\"params\":{},\"pk\":false,\"query\":true,\"queryType\":\"EQ\",\"required\":true,\"sort\":3,\"superColumn\":false,\"tableId\":4,\"updateBy\":\"\",\"updateTime\":\"2025-02-11 10:31:39\",\"usableColumn\":false},{\"capJavaField\":\"Bonus\",\"columnComment\":\"奖金\",\"columnId\":39,\"columnName\":\"bonus\",\"columnType\":\"decimal(10,2)\",\"createBy\":\"admin\",\"createTime\":\"2025-02-11 10:26:39\",\"dictType\":\"\",\"edit\":true,\"htmlType\":\"input\",\"increment\":false,\"insert\":t','{\"msg\":\"操作成功\",\"code\":200}',0,NULL,'2025-02-11 10:36:14',25),(41,'菜单管理',2,'kkyu.web.controller.system.SysMenuController.edit()','PUT',1,'admin','研发部门','/system/menu','127.0.0.1','内网IP','{\"children\":[],\"component\":\"finance/salary/index\",\"createTime\":\"2025-02-11 10:32:27\",\"icon\":\"money\",\"isCache\":\"0\",\"isFrame\":\"1\",\"menuId\":2008,\"menuName\":\"薪资管理\",\"menuType\":\"C\",\"orderNum\":1,\"params\":{},\"parentId\":2000,\"path\":\"salary\",\"perms\":\"finance:salary:list\",\"routeName\":\"\",\"status\":\"0\",\"updateBy\":\"admin\",\"visible\":\"0\"}','{\"msg\":\"操作成功\",\"code\":200}',0,NULL,'2025-02-11 10:38:21',12),(42,'代码生成',2,'kkyu.generator.controller.GenController.editSave()','PUT',1,'admin','研发部门','/tool/gen','127.0.0.1','内网IP','{\"businessName\":\"salary\",\"className\":\"FinanceSalary\",\"columns\":[{\"capJavaField\":\"Id\",\"columnComment\":\"主键ID\",\"columnId\":36,\"columnName\":\"id\",\"columnType\":\"bigint\",\"createBy\":\"admin\",\"createTime\":\"2025-02-11 10:26:39\",\"dictType\":\"\",\"edit\":false,\"htmlType\":\"input\",\"increment\":true,\"insert\":false,\"isIncrement\":\"1\",\"isInsert\":\"0\",\"isPk\":\"1\",\"isRequired\":\"0\",\"javaField\":\"id\",\"javaType\":\"Long\",\"list\":false,\"params\":{},\"pk\":true,\"query\":false,\"queryType\":\"EQ\",\"required\":false,\"sort\":1,\"superColumn\":false,\"tableId\":4,\"updateBy\":\"\",\"updateTime\":\"2025-02-11 10:36:14\",\"usableColumn\":false},{\"capJavaField\":\"EmployeeId\",\"columnComment\":\"员工ID\",\"columnId\":37,\"columnName\":\"employee_id\",\"columnType\":\"bigint\",\"createBy\":\"admin\",\"createTime\":\"2025-02-11 10:26:39\",\"dictType\":\"\",\"edit\":true,\"htmlType\":\"input\",\"increment\":false,\"insert\":true,\"isEdit\":\"1\",\"isIncrement\":\"0\",\"isInsert\":\"1\",\"isList\":\"1\",\"isPk\":\"0\",\"isQuery\":\"1\",\"isRequired\":\"1\",\"javaField\":\"employeeId\",\"javaType\":\"Long\",\"list\":true,\"params\":{},\"pk\":false,\"query\":true,\"queryType\":\"EQ\",\"required\":true,\"sort\":2,\"superColumn\":false,\"tableId\":4,\"updateBy\":\"\",\"updateTime\":\"2025-02-11 10:36:14\",\"usableColumn\":false},{\"capJavaField\":\"BaseSalary\",\"columnComment\":\"基本工资\",\"columnId\":38,\"columnName\":\"base_salary\",\"columnType\":\"decimal(10,2)\",\"createBy\":\"admin\",\"createTime\":\"2025-02-11 10:26:39\",\"dictType\":\"\",\"edit\":true,\"htmlType\":\"input\",\"increment\":false,\"insert\":true,\"isEdit\":\"1\",\"isIncrement\":\"0\",\"isInsert\":\"1\",\"isList\":\"1\",\"isPk\":\"0\",\"isQuery\":\"1\",\"isRequired\":\"1\",\"javaField\":\"baseSalary\",\"javaType\":\"BigDecimal\",\"list\":true,\"params\":{},\"pk\":false,\"query\":true,\"queryType\":\"EQ\",\"required\":true,\"sort\":3,\"superColumn\":false,\"tableId\":4,\"updateBy\":\"\",\"updateTime\":\"2025-02-11 10:36:14\",\"usableColumn\":false},{\"capJavaField\":\"Bonus\",\"columnComment\":\"奖金\",\"columnId\":39,\"columnName\":\"bonus\",\"columnType\":\"decimal(10,2)\",\"createBy\":\"admin\",\"createTime\":\"2025-02-11 10:26:39\",\"dictType\":\"\",\"edit\":true,\"htmlType\":\"input\",\"increment\":false,\"insert\":t','{\"msg\":\"操作成功\",\"code\":200}',0,NULL,'2025-02-11 11:02:09',35),(43,'代码生成',2,'com.kkyu.generator.controller.GenController.editSave()','PUT',1,'admin','研发部门','/tool/gen','127.0.0.1','内网IP','{\"businessName\":\"salary\",\"className\":\"FinanceSalary\",\"columns\":[{\"capJavaField\":\"Id\",\"columnComment\":\"主键ID\",\"columnId\":36,\"columnName\":\"id\",\"columnType\":\"bigint\",\"createBy\":\"admin\",\"createTime\":\"2025-02-11 10:26:39\",\"dictType\":\"\",\"edit\":false,\"htmlType\":\"input\",\"increment\":true,\"insert\":false,\"isIncrement\":\"1\",\"isInsert\":\"0\",\"isPk\":\"1\",\"isRequired\":\"0\",\"javaField\":\"id\",\"javaType\":\"Long\",\"list\":false,\"params\":{},\"pk\":true,\"query\":false,\"queryType\":\"EQ\",\"required\":false,\"sort\":1,\"superColumn\":false,\"tableId\":4,\"updateBy\":\"\",\"updateTime\":\"2025-02-11 11:02:09\",\"usableColumn\":false},{\"capJavaField\":\"EmployeeId\",\"columnComment\":\"员工ID\",\"columnId\":37,\"columnName\":\"employee_id\",\"columnType\":\"bigint\",\"createBy\":\"admin\",\"createTime\":\"2025-02-11 10:26:39\",\"dictType\":\"\",\"edit\":true,\"htmlType\":\"input\",\"increment\":false,\"insert\":true,\"isEdit\":\"1\",\"isIncrement\":\"0\",\"isInsert\":\"1\",\"isList\":\"1\",\"isPk\":\"0\",\"isQuery\":\"1\",\"isRequired\":\"1\",\"javaField\":\"employeeId\",\"javaType\":\"Long\",\"list\":true,\"params\":{},\"pk\":false,\"query\":true,\"queryType\":\"EQ\",\"required\":true,\"sort\":2,\"superColumn\":false,\"tableId\":4,\"updateBy\":\"\",\"updateTime\":\"2025-02-11 11:02:09\",\"usableColumn\":false},{\"capJavaField\":\"BaseSalary\",\"columnComment\":\"基本工资\",\"columnId\":38,\"columnName\":\"base_salary\",\"columnType\":\"decimal(10,2)\",\"createBy\":\"admin\",\"createTime\":\"2025-02-11 10:26:39\",\"dictType\":\"\",\"edit\":true,\"htmlType\":\"input\",\"increment\":false,\"insert\":true,\"isEdit\":\"1\",\"isIncrement\":\"0\",\"isInsert\":\"1\",\"isList\":\"1\",\"isPk\":\"0\",\"isQuery\":\"1\",\"isRequired\":\"1\",\"javaField\":\"baseSalary\",\"javaType\":\"BigDecimal\",\"list\":true,\"params\":{},\"pk\":false,\"query\":true,\"queryType\":\"EQ\",\"required\":true,\"sort\":3,\"superColumn\":false,\"tableId\":4,\"updateBy\":\"\",\"updateTime\":\"2025-02-11 11:02:09\",\"usableColumn\":false},{\"capJavaField\":\"Bonus\",\"columnComment\":\"奖金\",\"columnId\":39,\"columnName\":\"bonus\",\"columnType\":\"decimal(10,2)\",\"createBy\":\"admin\",\"createTime\":\"2025-02-11 10:26:39\",\"dictType\":\"\",\"edit\":true,\"htmlType\":\"input\",\"increment\":false,\"insert\":t','{\"msg\":\"操作成功\",\"code\":200}',0,NULL,'2025-02-11 15:58:23',28),(44,'代码生成',2,'com.kkyu.generator.controller.GenController.editSave()','PUT',1,'admin','研发部门','/tool/gen','127.0.0.1','内网IP','{\"businessName\":\"salary\",\"className\":\"FinanceSalary\",\"columns\":[{\"capJavaField\":\"Id\",\"columnComment\":\"主键ID\",\"columnId\":36,\"columnName\":\"id\",\"columnType\":\"bigint\",\"createBy\":\"admin\",\"createTime\":\"2025-02-11 10:26:39\",\"dictType\":\"\",\"edit\":false,\"htmlType\":\"input\",\"increment\":true,\"insert\":false,\"isIncrement\":\"1\",\"isInsert\":\"0\",\"isPk\":\"1\",\"isRequired\":\"0\",\"javaField\":\"id\",\"javaType\":\"Long\",\"list\":false,\"params\":{},\"pk\":true,\"query\":false,\"queryType\":\"EQ\",\"required\":false,\"sort\":1,\"superColumn\":false,\"tableId\":4,\"updateBy\":\"\",\"updateTime\":\"2025-02-11 15:58:22\",\"usableColumn\":false},{\"capJavaField\":\"EmployeeId\",\"columnComment\":\"员工ID\",\"columnId\":37,\"columnName\":\"employee_id\",\"columnType\":\"bigint\",\"createBy\":\"admin\",\"createTime\":\"2025-02-11 10:26:39\",\"dictType\":\"\",\"edit\":true,\"htmlType\":\"input\",\"increment\":false,\"insert\":true,\"isEdit\":\"1\",\"isIncrement\":\"0\",\"isInsert\":\"1\",\"isList\":\"1\",\"isPk\":\"0\",\"isQuery\":\"1\",\"isRequired\":\"1\",\"javaField\":\"employeeId\",\"javaType\":\"Long\",\"list\":true,\"params\":{},\"pk\":false,\"query\":true,\"queryType\":\"EQ\",\"required\":true,\"sort\":2,\"superColumn\":false,\"tableId\":4,\"updateBy\":\"\",\"updateTime\":\"2025-02-11 15:58:22\",\"usableColumn\":false},{\"capJavaField\":\"BaseSalary\",\"columnComment\":\"基本工资\",\"columnId\":38,\"columnName\":\"base_salary\",\"columnType\":\"decimal(10,2)\",\"createBy\":\"admin\",\"createTime\":\"2025-02-11 10:26:39\",\"dictType\":\"\",\"edit\":true,\"htmlType\":\"input\",\"increment\":false,\"insert\":true,\"isEdit\":\"1\",\"isIncrement\":\"0\",\"isInsert\":\"1\",\"isList\":\"1\",\"isPk\":\"0\",\"isQuery\":\"1\",\"isRequired\":\"1\",\"javaField\":\"baseSalary\",\"javaType\":\"BigDecimal\",\"list\":true,\"params\":{},\"pk\":false,\"query\":true,\"queryType\":\"EQ\",\"required\":true,\"sort\":3,\"superColumn\":false,\"tableId\":4,\"updateBy\":\"\",\"updateTime\":\"2025-02-11 15:58:22\",\"usableColumn\":false},{\"capJavaField\":\"Bonus\",\"columnComment\":\"奖金\",\"columnId\":39,\"columnName\":\"bonus\",\"columnType\":\"decimal(10,2)\",\"createBy\":\"admin\",\"createTime\":\"2025-02-11 10:26:39\",\"dictType\":\"\",\"edit\":true,\"htmlType\":\"input\",\"increment\":false,\"insert\":t','{\"msg\":\"操作成功\",\"code\":200}',0,NULL,'2025-02-11 15:59:11',33),(45,'菜单管理',3,'com.kkyu.web.controller.system.SysMenuController.remove()','DELETE',1,'admin','研发部门','/system/menu/1046','127.0.0.1','内网IP','1046','{\"msg\":\"菜单已分配,不允许删除\",\"code\":601}',0,NULL,'2025-02-11 16:17:58',15),(46,'角色管理',2,'com.kkyu.web.controller.system.SysRoleController.edit()','PUT',1,'admin','研发部门','/system/role','127.0.0.1','内网IP','{\"admin\":false,\"createTime\":\"2025-01-14 16:48:36\",\"dataScope\":\"2\",\"delFlag\":\"0\",\"deptCheckStrictly\":false,\"flag\":false,\"menuCheckStrictly\":false,\"menuIds\":[1,100,1000,1001,1002,1003,1004,1005,1006,101,1007,1008,1009,1010,1011,102,1012,1013,1014,1015,103,1016,1017,1018,1019,104,1020,1021,1022,1023,1024,105,1025,1026,1027,1028,1029,106,1030,1031,1032,1033,1034,107,1035,1036,1037,1038,108,500,1039,1040,1041,501,1042,1043,1044,1045,115,116,1055,1056,1057,1058,1059,1060,117,1049,1050,1051,1052,1053,1054],\"params\":{},\"remark\":\"人事\",\"roleId\":2,\"roleKey\":\"hr\",\"roleName\":\"人事\",\"roleSort\":10,\"status\":\"0\",\"updateBy\":\"admin\"}','{\"msg\":\"操作成功\",\"code\":200}',0,NULL,'2025-02-11 16:18:25',23),(47,'菜单管理',3,'com.kkyu.web.controller.system.SysMenuController.remove()','DELETE',1,'admin','研发部门','/system/menu/1046','127.0.0.1','内网IP','1046','{\"msg\":\"操作成功\",\"code\":200}',0,NULL,'2025-02-11 16:18:31',13),(48,'菜单管理',3,'com.kkyu.web.controller.system.SysMenuController.remove()','DELETE',1,'admin','研发部门','/system/menu/1047','127.0.0.1','内网IP','1047','{\"msg\":\"操作成功\",\"code\":200}',0,NULL,'2025-02-11 16:18:33',10),(49,'菜单管理',3,'com.kkyu.web.controller.system.SysMenuController.remove()','DELETE',1,'admin','研发部门','/system/menu/1048','127.0.0.1','内网IP','1048','{\"msg\":\"操作成功\",\"code\":200}',0,NULL,'2025-02-11 16:18:34',13),(50,'菜单管理',3,'com.kkyu.web.controller.system.SysMenuController.remove()','DELETE',1,'admin','研发部门','/system/menu/109','127.0.0.1','内网IP','109','{\"msg\":\"操作成功\",\"code\":200}',0,NULL,'2025-02-11 16:18:37',11),(51,'代码生成',2,'com.kkyu.generator.controller.GenController.editSave()','PUT',1,'admin','研发部门','/tool/gen','127.0.0.1','内网IP','{\"businessName\":\"salary\",\"className\":\"FinanceSalary\",\"columns\":[{\"capJavaField\":\"Id\",\"columnComment\":\"主键ID\",\"columnId\":36,\"columnName\":\"id\",\"columnType\":\"bigint\",\"createBy\":\"admin\",\"createTime\":\"2025-02-11 10:26:39\",\"dictType\":\"\",\"edit\":false,\"htmlType\":\"input\",\"increment\":true,\"insert\":false,\"isIncrement\":\"1\",\"isInsert\":\"0\",\"isPk\":\"1\",\"isRequired\":\"0\",\"javaField\":\"id\",\"javaType\":\"Long\",\"list\":false,\"params\":{},\"pk\":true,\"query\":false,\"queryType\":\"EQ\",\"required\":false,\"sort\":1,\"superColumn\":false,\"tableId\":4,\"updateBy\":\"\",\"updateTime\":\"2025-02-12 09:44:05\",\"usableColumn\":false},{\"capJavaField\":\"EmployeeId\",\"columnComment\":\"员工ID\",\"columnId\":37,\"columnName\":\"employee_id\",\"columnType\":\"bigint\",\"createBy\":\"admin\",\"createTime\":\"2025-02-11 10:26:39\",\"dictType\":\"\",\"edit\":true,\"htmlType\":\"input\",\"increment\":false,\"insert\":true,\"isEdit\":\"1\",\"isIncrement\":\"0\",\"isInsert\":\"1\",\"isList\":\"1\",\"isPk\":\"0\",\"isQuery\":\"1\",\"isRequired\":\"1\",\"javaField\":\"employeeId\",\"javaType\":\"Long\",\"list\":true,\"params\":{},\"pk\":false,\"query\":true,\"queryType\":\"EQ\",\"required\":true,\"sort\":2,\"superColumn\":false,\"tableId\":4,\"updateBy\":\"\",\"updateTime\":\"2025-02-12 09:44:05\",\"usableColumn\":false},{\"capJavaField\":\"BaseSalary\",\"columnComment\":\"基本工资\",\"columnId\":38,\"columnName\":\"base_salary\",\"columnType\":\"decimal(10,2)\",\"createBy\":\"admin\",\"createTime\":\"2025-02-11 10:26:39\",\"dictType\":\"\",\"edit\":true,\"htmlType\":\"input\",\"increment\":false,\"insert\":true,\"isEdit\":\"1\",\"isIncrement\":\"0\",\"isInsert\":\"1\",\"isList\":\"1\",\"isPk\":\"0\",\"isQuery\":\"1\",\"isRequired\":\"1\",\"javaField\":\"baseSalary\",\"javaType\":\"BigDecimal\",\"list\":true,\"params\":{},\"pk\":false,\"query\":true,\"queryType\":\"EQ\",\"required\":true,\"sort\":3,\"superColumn\":false,\"tableId\":4,\"updateBy\":\"\",\"updateTime\":\"2025-02-12 09:44:05\",\"usableColumn\":false},{\"capJavaField\":\"Bonus\",\"columnComment\":\"奖金\",\"columnId\":39,\"columnName\":\"bonus\",\"columnType\":\"decimal(10,2)\",\"createBy\":\"admin\",\"createTime\":\"2025-02-11 10:26:39\",\"dictType\":\"\",\"edit\":true,\"htmlType\":\"input\",\"increment\":false,\"insert\":t','{\"msg\":\"操作成功\",\"code\":200}',0,NULL,'2025-02-12 09:47:23',50),(52,'代码生成',6,'com.kkyu.generator.controller.GenController.importTableSave()','POST',1,'admin','研发部门','/tool/gen/importTable','127.0.0.1','内网IP','{\"tables\":\"sys_user\"}','{\"msg\":\"操作成功\",\"code\":200}',0,NULL,'2025-02-12 09:48:01',41),(53,'代码生成',2,'com.kkyu.generator.controller.GenController.editSave()','PUT',1,'admin','研发部门','/tool/gen','127.0.0.1','内网IP','{\"businessName\":\"salary\",\"className\":\"FinanceSalary\",\"columns\":[{\"capJavaField\":\"Id\",\"columnComment\":\"主键ID\",\"columnId\":36,\"columnName\":\"id\",\"columnType\":\"bigint\",\"createBy\":\"admin\",\"createTime\":\"2025-02-11 10:26:39\",\"dictType\":\"\",\"edit\":false,\"htmlType\":\"input\",\"increment\":true,\"insert\":false,\"isIncrement\":\"1\",\"isInsert\":\"0\",\"isPk\":\"1\",\"isRequired\":\"0\",\"javaField\":\"id\",\"javaType\":\"Long\",\"list\":false,\"params\":{},\"pk\":true,\"query\":false,\"queryType\":\"EQ\",\"required\":false,\"sort\":1,\"superColumn\":false,\"tableId\":4,\"updateBy\":\"\",\"updateTime\":\"2025-02-12 09:47:23\",\"usableColumn\":false},{\"capJavaField\":\"EmployeeId\",\"columnComment\":\"员工ID\",\"columnId\":37,\"columnName\":\"employee_id\",\"columnType\":\"bigint\",\"createBy\":\"admin\",\"createTime\":\"2025-02-11 10:26:39\",\"dictType\":\"\",\"edit\":true,\"htmlType\":\"input\",\"increment\":false,\"insert\":true,\"isEdit\":\"1\",\"isIncrement\":\"0\",\"isInsert\":\"1\",\"isList\":\"1\",\"isPk\":\"0\",\"isQuery\":\"1\",\"isRequired\":\"1\",\"javaField\":\"employeeId\",\"javaType\":\"Long\",\"list\":true,\"params\":{},\"pk\":false,\"query\":true,\"queryType\":\"EQ\",\"required\":true,\"sort\":2,\"superColumn\":false,\"tableId\":4,\"updateBy\":\"\",\"updateTime\":\"2025-02-12 09:47:23\",\"usableColumn\":false},{\"capJavaField\":\"BaseSalary\",\"columnComment\":\"基本工资\",\"columnId\":38,\"columnName\":\"base_salary\",\"columnType\":\"decimal(10,2)\",\"createBy\":\"admin\",\"createTime\":\"2025-02-11 10:26:39\",\"dictType\":\"\",\"edit\":true,\"htmlType\":\"input\",\"increment\":false,\"insert\":true,\"isEdit\":\"1\",\"isIncrement\":\"0\",\"isInsert\":\"1\",\"isList\":\"1\",\"isPk\":\"0\",\"isQuery\":\"1\",\"isRequired\":\"1\",\"javaField\":\"baseSalary\",\"javaType\":\"BigDecimal\",\"list\":true,\"params\":{},\"pk\":false,\"query\":true,\"queryType\":\"EQ\",\"required\":true,\"sort\":3,\"superColumn\":false,\"tableId\":4,\"updateBy\":\"\",\"updateTime\":\"2025-02-12 09:47:23\",\"usableColumn\":false},{\"capJavaField\":\"Bonus\",\"columnComment\":\"奖金\",\"columnId\":39,\"columnName\":\"bonus\",\"columnType\":\"decimal(10,2)\",\"createBy\":\"admin\",\"createTime\":\"2025-02-11 10:26:39\",\"dictType\":\"\",\"edit\":true,\"htmlType\":\"input\",\"increment\":false,\"insert\":t','{\"msg\":\"操作成功\",\"code\":200}',0,NULL,'2025-02-12 09:48:13',30),(54,'代码生成',2,'com.kkyu.generator.controller.GenController.editSave()','PUT',1,'admin','研发部门','/tool/gen','127.0.0.1','内网IP','{\"businessName\":\"salary\",\"className\":\"FinanceSalary\",\"columns\":[{\"capJavaField\":\"Id\",\"columnComment\":\"主键ID\",\"columnId\":36,\"columnName\":\"id\",\"columnType\":\"bigint\",\"createBy\":\"admin\",\"createTime\":\"2025-02-11 10:26:39\",\"dictType\":\"\",\"edit\":false,\"htmlType\":\"input\",\"increment\":true,\"insert\":false,\"isIncrement\":\"1\",\"isInsert\":\"0\",\"isPk\":\"1\",\"isRequired\":\"0\",\"javaField\":\"id\",\"javaType\":\"Long\",\"list\":false,\"params\":{},\"pk\":true,\"query\":false,\"queryType\":\"EQ\",\"required\":false,\"sort\":1,\"superColumn\":false,\"tableId\":4,\"updateBy\":\"\",\"updateTime\":\"2025-02-12 09:48:13\",\"usableColumn\":false},{\"capJavaField\":\"EmployeeId\",\"columnComment\":\"员工ID\",\"columnId\":37,\"columnName\":\"employee_id\",\"columnType\":\"bigint\",\"createBy\":\"admin\",\"createTime\":\"2025-02-11 10:26:39\",\"dictType\":\"\",\"edit\":true,\"htmlType\":\"input\",\"increment\":false,\"insert\":true,\"isEdit\":\"1\",\"isIncrement\":\"0\",\"isInsert\":\"1\",\"isList\":\"1\",\"isPk\":\"0\",\"isQuery\":\"1\",\"isRequired\":\"1\",\"javaField\":\"employeeId\",\"javaType\":\"Long\",\"list\":true,\"params\":{},\"pk\":false,\"query\":true,\"queryType\":\"EQ\",\"required\":true,\"sort\":2,\"superColumn\":false,\"tableId\":4,\"updateBy\":\"\",\"updateTime\":\"2025-02-12 09:48:13\",\"usableColumn\":false},{\"capJavaField\":\"BaseSalary\",\"columnComment\":\"基本工资\",\"columnId\":38,\"columnName\":\"base_salary\",\"columnType\":\"decimal(10,2)\",\"createBy\":\"admin\",\"createTime\":\"2025-02-11 10:26:39\",\"dictType\":\"\",\"edit\":true,\"htmlType\":\"input\",\"increment\":false,\"insert\":true,\"isEdit\":\"1\",\"isIncrement\":\"0\",\"isInsert\":\"1\",\"isList\":\"1\",\"isPk\":\"0\",\"isQuery\":\"1\",\"isRequired\":\"1\",\"javaField\":\"baseSalary\",\"javaType\":\"BigDecimal\",\"list\":true,\"params\":{},\"pk\":false,\"query\":true,\"queryType\":\"EQ\",\"required\":true,\"sort\":3,\"superColumn\":false,\"tableId\":4,\"updateBy\":\"\",\"updateTime\":\"2025-02-12 09:48:13\",\"usableColumn\":false},{\"capJavaField\":\"Bonus\",\"columnComment\":\"奖金\",\"columnId\":39,\"columnName\":\"bonus\",\"columnType\":\"decimal(10,2)\",\"createBy\":\"admin\",\"createTime\":\"2025-02-11 10:26:39\",\"dictType\":\"\",\"edit\":true,\"htmlType\":\"input\",\"increment\":false,\"insert\":t','{\"msg\":\"操作成功\",\"code\":200}',0,NULL,'2025-02-12 09:49:21',44),(55,'代码生成',2,'com.kkyu.generator.controller.GenController.editSave()','PUT',1,'admin','研发部门','/tool/gen','127.0.0.1','内网IP','{\"businessName\":\"salary\",\"className\":\"FinanceSalary\",\"columns\":[{\"capJavaField\":\"Id\",\"columnComment\":\"主键ID\",\"columnId\":36,\"columnName\":\"id\",\"columnType\":\"bigint\",\"createBy\":\"admin\",\"createTime\":\"2025-02-11 10:26:39\",\"dictType\":\"\",\"edit\":false,\"htmlType\":\"input\",\"increment\":true,\"insert\":false,\"isIncrement\":\"1\",\"isInsert\":\"0\",\"isPk\":\"1\",\"isRequired\":\"0\",\"javaField\":\"id\",\"javaType\":\"Long\",\"list\":false,\"params\":{},\"pk\":true,\"query\":false,\"queryType\":\"EQ\",\"required\":false,\"sort\":1,\"superColumn\":false,\"tableId\":4,\"updateBy\":\"\",\"updateTime\":\"2025-02-12 09:49:21\",\"usableColumn\":false},{\"capJavaField\":\"EmployeeId\",\"columnComment\":\"员工ID\",\"columnId\":37,\"columnName\":\"employee_id\",\"columnType\":\"bigint\",\"createBy\":\"admin\",\"createTime\":\"2025-02-11 10:26:39\",\"dictType\":\"\",\"edit\":true,\"htmlType\":\"input\",\"increment\":false,\"insert\":true,\"isEdit\":\"1\",\"isIncrement\":\"0\",\"isInsert\":\"1\",\"isList\":\"1\",\"isPk\":\"0\",\"isQuery\":\"1\",\"isRequired\":\"1\",\"javaField\":\"employeeId\",\"javaType\":\"Long\",\"list\":true,\"params\":{},\"pk\":false,\"query\":true,\"queryType\":\"EQ\",\"required\":true,\"sort\":2,\"superColumn\":false,\"tableId\":4,\"updateBy\":\"\",\"updateTime\":\"2025-02-12 09:49:21\",\"usableColumn\":false},{\"capJavaField\":\"BaseSalary\",\"columnComment\":\"基本工资\",\"columnId\":38,\"columnName\":\"base_salary\",\"columnType\":\"decimal(10,2)\",\"createBy\":\"admin\",\"createTime\":\"2025-02-11 10:26:39\",\"dictType\":\"\",\"edit\":true,\"htmlType\":\"input\",\"increment\":false,\"insert\":true,\"isEdit\":\"1\",\"isIncrement\":\"0\",\"isInsert\":\"1\",\"isList\":\"1\",\"isPk\":\"0\",\"isQuery\":\"1\",\"isRequired\":\"1\",\"javaField\":\"baseSalary\",\"javaType\":\"BigDecimal\",\"list\":true,\"params\":{},\"pk\":false,\"query\":true,\"queryType\":\"EQ\",\"required\":true,\"sort\":3,\"superColumn\":false,\"tableId\":4,\"updateBy\":\"\",\"updateTime\":\"2025-02-12 09:49:21\",\"usableColumn\":false},{\"capJavaField\":\"Bonus\",\"columnComment\":\"奖金\",\"columnId\":39,\"columnName\":\"bonus\",\"columnType\":\"decimal(10,2)\",\"createBy\":\"admin\",\"createTime\":\"2025-02-11 10:26:39\",\"dictType\":\"\",\"edit\":true,\"htmlType\":\"input\",\"increment\":false,\"insert\":t','{\"msg\":\"操作成功\",\"code\":200}',0,NULL,'2025-02-12 09:51:21',34),(56,'代码生成',2,'com.kkyu.generator.controller.GenController.editSave()','PUT',1,'admin','研发部门','/tool/gen','127.0.0.1','内网IP','{\"businessName\":\"salary\",\"className\":\"FinanceSalary\",\"columns\":[{\"capJavaField\":\"Id\",\"columnComment\":\"主键ID\",\"columnId\":36,\"columnName\":\"id\",\"columnType\":\"bigint\",\"createBy\":\"admin\",\"createTime\":\"2025-02-11 10:26:39\",\"dictType\":\"\",\"edit\":false,\"htmlType\":\"input\",\"increment\":true,\"insert\":false,\"isIncrement\":\"1\",\"isInsert\":\"0\",\"isPk\":\"1\",\"isRequired\":\"0\",\"javaField\":\"id\",\"javaType\":\"Long\",\"list\":false,\"params\":{},\"pk\":true,\"query\":false,\"queryType\":\"EQ\",\"required\":false,\"sort\":1,\"superColumn\":false,\"tableId\":4,\"updateBy\":\"\",\"updateTime\":\"2025-02-12 09:51:21\",\"usableColumn\":false},{\"capJavaField\":\"EmployeeId\",\"columnComment\":\"员工ID\",\"columnId\":37,\"columnName\":\"employee_id\",\"columnType\":\"bigint\",\"createBy\":\"admin\",\"createTime\":\"2025-02-11 10:26:39\",\"dictType\":\"\",\"edit\":true,\"htmlType\":\"input\",\"increment\":false,\"insert\":true,\"isEdit\":\"1\",\"isIncrement\":\"0\",\"isInsert\":\"1\",\"isList\":\"1\",\"isPk\":\"0\",\"isQuery\":\"1\",\"isRequired\":\"1\",\"javaField\":\"employeeId\",\"javaType\":\"Long\",\"list\":true,\"params\":{},\"pk\":false,\"query\":true,\"queryType\":\"EQ\",\"required\":true,\"sort\":2,\"superColumn\":false,\"tableId\":4,\"updateBy\":\"\",\"updateTime\":\"2025-02-12 09:51:21\",\"usableColumn\":false},{\"capJavaField\":\"BaseSalary\",\"columnComment\":\"基本工资\",\"columnId\":38,\"columnName\":\"base_salary\",\"columnType\":\"decimal(10,2)\",\"createBy\":\"admin\",\"createTime\":\"2025-02-11 10:26:39\",\"dictType\":\"\",\"edit\":true,\"htmlType\":\"input\",\"increment\":false,\"insert\":true,\"isEdit\":\"1\",\"isIncrement\":\"0\",\"isInsert\":\"1\",\"isList\":\"1\",\"isPk\":\"0\",\"isQuery\":\"1\",\"isRequired\":\"1\",\"javaField\":\"baseSalary\",\"javaType\":\"BigDecimal\",\"list\":true,\"params\":{},\"pk\":false,\"query\":true,\"queryType\":\"EQ\",\"required\":true,\"sort\":3,\"superColumn\":false,\"tableId\":4,\"updateBy\":\"\",\"updateTime\":\"2025-02-12 09:51:21\",\"usableColumn\":false},{\"capJavaField\":\"Bonus\",\"columnComment\":\"奖金\",\"columnId\":39,\"columnName\":\"bonus\",\"columnType\":\"decimal(10,2)\",\"createBy\":\"admin\",\"createTime\":\"2025-02-11 10:26:39\",\"dictType\":\"\",\"edit\":true,\"htmlType\":\"input\",\"increment\":false,\"insert\":t','{\"msg\":\"操作成功\",\"code\":200}',0,NULL,'2025-02-12 10:15:47',27),(57,'代码生成',2,'com.kkyu.generator.controller.GenController.editSave()','PUT',1,'admin','研发部门','/tool/gen','127.0.0.1','内网IP','{\"businessName\":\"salary\",\"className\":\"FinanceSalary\",\"columns\":[{\"capJavaField\":\"Id\",\"columnComment\":\"主键ID\",\"columnId\":36,\"columnName\":\"id\",\"columnType\":\"bigint\",\"createBy\":\"admin\",\"createTime\":\"2025-02-11 10:26:39\",\"dictType\":\"\",\"edit\":false,\"htmlType\":\"input\",\"increment\":true,\"insert\":false,\"isIncrement\":\"1\",\"isInsert\":\"0\",\"isPk\":\"1\",\"isRequired\":\"0\",\"javaField\":\"id\",\"javaType\":\"Long\",\"list\":false,\"params\":{},\"pk\":true,\"query\":false,\"queryType\":\"EQ\",\"required\":false,\"sort\":1,\"superColumn\":false,\"tableId\":4,\"updateBy\":\"\",\"updateTime\":\"2025-02-12 10:15:47\",\"usableColumn\":false},{\"capJavaField\":\"EmployeeId\",\"columnComment\":\"员工ID\",\"columnId\":37,\"columnName\":\"employee_id\",\"columnType\":\"bigint\",\"createBy\":\"admin\",\"createTime\":\"2025-02-11 10:26:39\",\"dictType\":\"\",\"edit\":true,\"htmlType\":\"input\",\"increment\":false,\"insert\":true,\"isEdit\":\"1\",\"isIncrement\":\"0\",\"isInsert\":\"1\",\"isList\":\"1\",\"isPk\":\"0\",\"isQuery\":\"1\",\"isRequired\":\"1\",\"javaField\":\"employeeId\",\"javaType\":\"Long\",\"list\":true,\"params\":{},\"pk\":false,\"query\":true,\"queryType\":\"EQ\",\"required\":true,\"sort\":2,\"superColumn\":false,\"tableId\":4,\"updateBy\":\"\",\"updateTime\":\"2025-02-12 10:15:47\",\"usableColumn\":false},{\"capJavaField\":\"BaseSalary\",\"columnComment\":\"基本工资\",\"columnId\":38,\"columnName\":\"base_salary\",\"columnType\":\"decimal(10,2)\",\"createBy\":\"admin\",\"createTime\":\"2025-02-11 10:26:39\",\"dictType\":\"\",\"edit\":true,\"htmlType\":\"input\",\"increment\":false,\"insert\":true,\"isEdit\":\"1\",\"isIncrement\":\"0\",\"isInsert\":\"1\",\"isList\":\"1\",\"isPk\":\"0\",\"isQuery\":\"1\",\"isRequired\":\"1\",\"javaField\":\"baseSalary\",\"javaType\":\"BigDecimal\",\"list\":true,\"params\":{},\"pk\":false,\"query\":true,\"queryType\":\"EQ\",\"required\":true,\"sort\":3,\"superColumn\":false,\"tableId\":4,\"updateBy\":\"\",\"updateTime\":\"2025-02-12 10:15:47\",\"usableColumn\":false},{\"capJavaField\":\"Bonus\",\"columnComment\":\"奖金\",\"columnId\":39,\"columnName\":\"bonus\",\"columnType\":\"decimal(10,2)\",\"createBy\":\"admin\",\"createTime\":\"2025-02-11 10:26:39\",\"dictType\":\"\",\"edit\":true,\"htmlType\":\"input\",\"increment\":false,\"insert\":t','{\"msg\":\"操作成功\",\"code\":200}',0,NULL,'2025-02-12 10:16:26',33),(58,'代码生成',2,'com.kkyu.generator.controller.GenController.editSave()','PUT',1,'admin','研发部门','/tool/gen','127.0.0.1','内网IP','{\"businessName\":\"salary\",\"className\":\"FinanceSalary\",\"columns\":[{\"capJavaField\":\"Id\",\"columnComment\":\"主键ID\",\"columnId\":36,\"columnName\":\"id\",\"columnType\":\"bigint\",\"createBy\":\"admin\",\"createTime\":\"2025-02-11 10:26:39\",\"dictType\":\"\",\"edit\":false,\"htmlType\":\"input\",\"increment\":true,\"insert\":false,\"isIncrement\":\"1\",\"isInsert\":\"0\",\"isPk\":\"1\",\"isRequired\":\"0\",\"javaField\":\"id\",\"javaType\":\"Long\",\"list\":false,\"params\":{},\"pk\":true,\"query\":false,\"queryType\":\"EQ\",\"required\":false,\"sort\":1,\"superColumn\":false,\"tableId\":4,\"updateBy\":\"\",\"updateTime\":\"2025-02-12 10:16:25\",\"usableColumn\":false},{\"capJavaField\":\"EmployeeId\",\"columnComment\":\"员工ID\",\"columnId\":37,\"columnName\":\"employee_id\",\"columnType\":\"bigint\",\"createBy\":\"admin\",\"createTime\":\"2025-02-11 10:26:39\",\"dictType\":\"\",\"edit\":true,\"htmlType\":\"input\",\"increment\":false,\"insert\":true,\"isEdit\":\"1\",\"isIncrement\":\"0\",\"isInsert\":\"1\",\"isList\":\"1\",\"isPk\":\"0\",\"isQuery\":\"1\",\"isRequired\":\"1\",\"javaField\":\"employeeId\",\"javaType\":\"Long\",\"list\":true,\"params\":{},\"pk\":false,\"query\":true,\"queryType\":\"EQ\",\"required\":true,\"sort\":2,\"superColumn\":false,\"tableId\":4,\"updateBy\":\"\",\"updateTime\":\"2025-02-12 10:16:25\",\"usableColumn\":false},{\"capJavaField\":\"BaseSalary\",\"columnComment\":\"基本工资\",\"columnId\":38,\"columnName\":\"base_salary\",\"columnType\":\"decimal(10,2)\",\"createBy\":\"admin\",\"createTime\":\"2025-02-11 10:26:39\",\"dictType\":\"\",\"edit\":true,\"htmlType\":\"input\",\"increment\":false,\"insert\":true,\"isEdit\":\"1\",\"isIncrement\":\"0\",\"isInsert\":\"1\",\"isList\":\"1\",\"isPk\":\"0\",\"isQuery\":\"1\",\"isRequired\":\"1\",\"javaField\":\"baseSalary\",\"javaType\":\"BigDecimal\",\"list\":true,\"params\":{},\"pk\":false,\"query\":true,\"queryType\":\"EQ\",\"required\":true,\"sort\":3,\"superColumn\":false,\"tableId\":4,\"updateBy\":\"\",\"updateTime\":\"2025-02-12 10:16:25\",\"usableColumn\":false},{\"capJavaField\":\"Bonus\",\"columnComment\":\"奖金\",\"columnId\":39,\"columnName\":\"bonus\",\"columnType\":\"decimal(10,2)\",\"createBy\":\"admin\",\"createTime\":\"2025-02-11 10:26:39\",\"dictType\":\"\",\"edit\":true,\"htmlType\":\"input\",\"increment\":false,\"insert\":t','{\"msg\":\"操作成功\",\"code\":200}',0,NULL,'2025-02-12 13:45:56',28),(59,'代码生成',3,'com.kkyu.generator.controller.GenController.remove()','DELETE',1,'admin','研发部门','/tool/gen/6','127.0.0.1','内网IP','[6]','{\"msg\":\"操作成功\",\"code\":200}',0,NULL,'2025-02-12 13:57:05',42),(60,'代码生成',2,'com.kkyu.generator.controller.GenController.editSave()','PUT',1,'admin','研发部门','/tool/gen','127.0.0.1','内网IP','{\"businessName\":\"salary\",\"className\":\"FinanceSalary\",\"columns\":[{\"capJavaField\":\"Id\",\"columnComment\":\"主键ID\",\"columnId\":36,\"columnName\":\"id\",\"columnType\":\"bigint\",\"createBy\":\"admin\",\"createTime\":\"2025-02-11 10:26:39\",\"dictType\":\"\",\"edit\":false,\"htmlType\":\"input\",\"increment\":true,\"insert\":false,\"isIncrement\":\"1\",\"isInsert\":\"0\",\"isPk\":\"1\",\"isRequired\":\"0\",\"javaField\":\"id\",\"javaType\":\"Long\",\"list\":false,\"params\":{},\"pk\":true,\"query\":false,\"queryType\":\"EQ\",\"required\":false,\"sort\":1,\"superColumn\":false,\"tableId\":4,\"updateBy\":\"\",\"updateTime\":\"2025-02-12 13:45:56\",\"usableColumn\":false},{\"capJavaField\":\"EmployeeId\",\"columnComment\":\"员工ID\",\"columnId\":37,\"columnName\":\"employee_id\",\"columnType\":\"bigint\",\"createBy\":\"admin\",\"createTime\":\"2025-02-11 10:26:39\",\"dictType\":\"\",\"edit\":true,\"htmlType\":\"input\",\"increment\":false,\"insert\":true,\"isEdit\":\"1\",\"isIncrement\":\"0\",\"isInsert\":\"1\",\"isList\":\"1\",\"isPk\":\"0\",\"isQuery\":\"1\",\"isRequired\":\"1\",\"javaField\":\"employeeId\",\"javaType\":\"Long\",\"list\":true,\"params\":{},\"pk\":false,\"query\":true,\"queryType\":\"EQ\",\"required\":true,\"sort\":2,\"superColumn\":false,\"tableId\":4,\"updateBy\":\"\",\"updateTime\":\"2025-02-12 13:45:56\",\"usableColumn\":false},{\"capJavaField\":\"BaseSalary\",\"columnComment\":\"基本工资\",\"columnId\":38,\"columnName\":\"base_salary\",\"columnType\":\"decimal(10,2)\",\"createBy\":\"admin\",\"createTime\":\"2025-02-11 10:26:39\",\"dictType\":\"\",\"edit\":true,\"htmlType\":\"input\",\"increment\":false,\"insert\":true,\"isEdit\":\"1\",\"isIncrement\":\"0\",\"isInsert\":\"1\",\"isList\":\"1\",\"isPk\":\"0\",\"isQuery\":\"1\",\"isRequired\":\"1\",\"javaField\":\"baseSalary\",\"javaType\":\"BigDecimal\",\"list\":true,\"params\":{},\"pk\":false,\"query\":true,\"queryType\":\"EQ\",\"required\":true,\"sort\":3,\"superColumn\":false,\"tableId\":4,\"updateBy\":\"\",\"updateTime\":\"2025-02-12 13:45:56\",\"usableColumn\":false},{\"capJavaField\":\"Bonus\",\"columnComment\":\"奖金\",\"columnId\":39,\"columnName\":\"bonus\",\"columnType\":\"decimal(10,2)\",\"createBy\":\"admin\",\"createTime\":\"2025-02-11 10:26:39\",\"dictType\":\"\",\"edit\":true,\"htmlType\":\"input\",\"increment\":false,\"insert\":t','{\"msg\":\"操作成功\",\"code\":200}',0,NULL,'2025-02-12 13:57:16',32),(61,'代码生成',2,'com.kkyu.generator.controller.GenController.editSave()','PUT',1,'admin','研发部门','/tool/gen','127.0.0.1','内网IP','{\"businessName\":\"salary\",\"className\":\"FinanceSalary\",\"columns\":[{\"capJavaField\":\"Id\",\"columnComment\":\"主键ID\",\"columnId\":36,\"columnName\":\"id\",\"columnType\":\"bigint\",\"createBy\":\"admin\",\"createTime\":\"2025-02-11 10:26:39\",\"dictType\":\"\",\"edit\":false,\"htmlType\":\"input\",\"increment\":true,\"insert\":false,\"isIncrement\":\"1\",\"isInsert\":\"0\",\"isPk\":\"1\",\"isRequired\":\"0\",\"javaField\":\"id\",\"javaType\":\"Long\",\"list\":false,\"params\":{},\"pk\":true,\"query\":false,\"queryType\":\"EQ\",\"required\":false,\"sort\":1,\"superColumn\":false,\"tableId\":4,\"updateBy\":\"\",\"updateTime\":\"2025-02-12 13:57:16\",\"usableColumn\":false},{\"capJavaField\":\"EmployeeId\",\"columnComment\":\"员工ID\",\"columnId\":37,\"columnName\":\"employee_id\",\"columnType\":\"bigint\",\"createBy\":\"admin\",\"createTime\":\"2025-02-11 10:26:39\",\"dictType\":\"\",\"edit\":true,\"htmlType\":\"input\",\"increment\":false,\"insert\":true,\"isEdit\":\"1\",\"isIncrement\":\"0\",\"isInsert\":\"1\",\"isList\":\"1\",\"isPk\":\"0\",\"isQuery\":\"1\",\"isRequired\":\"1\",\"javaField\":\"employeeId\",\"javaType\":\"Long\",\"list\":true,\"params\":{},\"pk\":false,\"query\":true,\"queryType\":\"EQ\",\"required\":true,\"sort\":2,\"superColumn\":false,\"tableId\":4,\"updateBy\":\"\",\"updateTime\":\"2025-02-12 13:57:16\",\"usableColumn\":false},{\"capJavaField\":\"BaseSalary\",\"columnComment\":\"基本工资\",\"columnId\":38,\"columnName\":\"base_salary\",\"columnType\":\"decimal(10,2)\",\"createBy\":\"admin\",\"createTime\":\"2025-02-11 10:26:39\",\"dictType\":\"\",\"edit\":true,\"htmlType\":\"input\",\"increment\":false,\"insert\":true,\"isEdit\":\"1\",\"isIncrement\":\"0\",\"isInsert\":\"1\",\"isList\":\"1\",\"isPk\":\"0\",\"isQuery\":\"1\",\"isRequired\":\"1\",\"javaField\":\"baseSalary\",\"javaType\":\"BigDecimal\",\"list\":true,\"params\":{},\"pk\":false,\"query\":true,\"queryType\":\"EQ\",\"required\":true,\"sort\":3,\"superColumn\":false,\"tableId\":4,\"updateBy\":\"\",\"updateTime\":\"2025-02-12 13:57:16\",\"usableColumn\":false},{\"capJavaField\":\"Bonus\",\"columnComment\":\"奖金\",\"columnId\":39,\"columnName\":\"bonus\",\"columnType\":\"decimal(10,2)\",\"createBy\":\"admin\",\"createTime\":\"2025-02-11 10:26:39\",\"dictType\":\"\",\"edit\":true,\"htmlType\":\"input\",\"increment\":false,\"insert\":t','{\"msg\":\"操作成功\",\"code\":200}',0,NULL,'2025-02-12 13:57:23',33),(62,'代码生成',6,'com.kkyu.generator.controller.GenController.importTableSave()','POST',1,'admin','研发部门','/tool/gen/importTable','127.0.0.1','内网IP','{\"tables\":\"sys_user\"}','{\"msg\":\"操作成功\",\"code\":200}',0,NULL,'2025-02-12 14:09:57',74),(63,'代码生成',2,'com.kkyu.generator.controller.GenController.editSave()','PUT',1,'admin','研发部门','/tool/gen','127.0.0.1','内网IP','{\"businessName\":\"salary\",\"className\":\"FinanceSalary\",\"columns\":[{\"capJavaField\":\"Id\",\"columnComment\":\"主键ID\",\"columnId\":36,\"columnName\":\"id\",\"columnType\":\"bigint\",\"createBy\":\"admin\",\"createTime\":\"2025-02-11 10:26:39\",\"dictType\":\"\",\"edit\":false,\"htmlType\":\"input\",\"increment\":true,\"insert\":false,\"isIncrement\":\"1\",\"isInsert\":\"0\",\"isPk\":\"1\",\"isRequired\":\"0\",\"javaField\":\"id\",\"javaType\":\"Long\",\"list\":false,\"params\":{},\"pk\":true,\"query\":false,\"queryType\":\"EQ\",\"required\":false,\"sort\":1,\"superColumn\":false,\"tableId\":4,\"updateBy\":\"\",\"updateTime\":\"2025-02-12 13:57:23\",\"usableColumn\":false},{\"capJavaField\":\"EmployeeId\",\"columnComment\":\"员工ID\",\"columnId\":37,\"columnName\":\"employee_id\",\"columnType\":\"bigint\",\"createBy\":\"admin\",\"createTime\":\"2025-02-11 10:26:39\",\"dictType\":\"\",\"edit\":true,\"htmlType\":\"input\",\"increment\":false,\"insert\":true,\"isEdit\":\"1\",\"isIncrement\":\"0\",\"isInsert\":\"1\",\"isList\":\"1\",\"isPk\":\"0\",\"isQuery\":\"1\",\"isRequired\":\"1\",\"javaField\":\"employeeId\",\"javaType\":\"Long\",\"list\":true,\"params\":{},\"pk\":false,\"query\":true,\"queryType\":\"EQ\",\"required\":true,\"sort\":2,\"superColumn\":false,\"tableId\":4,\"updateBy\":\"\",\"updateTime\":\"2025-02-12 13:57:23\",\"usableColumn\":false},{\"capJavaField\":\"BaseSalary\",\"columnComment\":\"基本工资\",\"columnId\":38,\"columnName\":\"base_salary\",\"columnType\":\"decimal(10,2)\",\"createBy\":\"admin\",\"createTime\":\"2025-02-11 10:26:39\",\"dictType\":\"\",\"edit\":true,\"htmlType\":\"input\",\"increment\":false,\"insert\":true,\"isEdit\":\"1\",\"isIncrement\":\"0\",\"isInsert\":\"1\",\"isList\":\"1\",\"isPk\":\"0\",\"isQuery\":\"1\",\"isRequired\":\"1\",\"javaField\":\"baseSalary\",\"javaType\":\"BigDecimal\",\"list\":true,\"params\":{},\"pk\":false,\"query\":true,\"queryType\":\"EQ\",\"required\":true,\"sort\":3,\"superColumn\":false,\"tableId\":4,\"updateBy\":\"\",\"updateTime\":\"2025-02-12 13:57:23\",\"usableColumn\":false},{\"capJavaField\":\"Bonus\",\"columnComment\":\"奖金\",\"columnId\":39,\"columnName\":\"bonus\",\"columnType\":\"decimal(10,2)\",\"createBy\":\"admin\",\"createTime\":\"2025-02-11 10:26:39\",\"dictType\":\"\",\"edit\":true,\"htmlType\":\"input\",\"increment\":false,\"insert\":t','{\"msg\":\"操作成功\",\"code\":200}',0,NULL,'2025-02-12 14:10:15',19),(64,'代码生成',8,'com.kkyu.generator.controller.GenController.batchGenCode()','GET',1,'admin','研发部门','/tool/gen/batchGenCode','127.0.0.1','内网IP','{\"tables\":\"finance_salary\"}',NULL,1,'Encountered \"$\\r\\n\" at vm/vue/v3/index.vue.vm[line 655, column 44]\nWas expecting one of:\n    \"[\" ...\n    \"{\" ...\n    \"(\" ...\n    <WHITESPACE> ...\n    <NEWLINE> ...\n    <STRING_LITERAL> ...\n    \"true\" ...\n    \"false\" ...\n    \"-\" ...\n    <LOGICAL_NOT> ...\n    <INTEGER_LITERAL> ...\n    <FLOATING_POINT_LITERAL> ...\n    <IDENTIFIER> ...\n    <OLD_IDENTIFIER> ...\n    \"{\" ...\n    ','2025-02-12 14:10:20',38),(65,'代码生成',8,'com.kkyu.generator.controller.GenController.batchGenCode()','GET',1,'admin','研发部门','/tool/gen/batchGenCode','127.0.0.1','内网IP','{\"tables\":\"finance_salary\"}',NULL,1,'Encountered \"$\\r\\n\" at vm/vue/v3/index.vue.vm[line 655, column 44]\nWas expecting one of:\n    \"[\" ...\n    \"{\" ...\n    \"(\" ...\n    <WHITESPACE> ...\n    <NEWLINE> ...\n    <STRING_LITERAL> ...\n    \"true\" ...\n    \"false\" ...\n    \"-\" ...\n    <LOGICAL_NOT> ...\n    <INTEGER_LITERAL> ...\n    <FLOATING_POINT_LITERAL> ...\n    <IDENTIFIER> ...\n    <OLD_IDENTIFIER> ...\n    \"{\" ...\n    ','2025-02-12 14:11:28',95),(66,'代码生成',8,'com.kkyu.generator.controller.GenController.batchGenCode()','GET',1,'admin','研发部门','/tool/gen/batchGenCode','127.0.0.1','内网IP','{\"tables\":\"finance_salary\"}',NULL,1,'Encountered \"$\\r\\n\" at vm/vue/v3/index.vue.vm[line 655, column 44]\nWas expecting one of:\n    \"[\" ...\n    \"{\" ...\n    \"(\" ...\n    <WHITESPACE> ...\n    <NEWLINE> ...\n    <STRING_LITERAL> ...\n    \"true\" ...\n    \"false\" ...\n    \"-\" ...\n    <LOGICAL_NOT> ...\n    <INTEGER_LITERAL> ...\n    <FLOATING_POINT_LITERAL> ...\n    <IDENTIFIER> ...\n    <OLD_IDENTIFIER> ...\n    \"{\" ...\n    ','2025-02-12 14:12:45',52),(67,'代码生成',8,'com.kkyu.generator.controller.GenController.batchGenCode()','GET',1,'admin','研发部门','/tool/gen/batchGenCode','127.0.0.1','内网IP','{\"tables\":\"finance_salary\"}',NULL,1,'Encountered \"$\\r\\n\" at vm/vue/v3/index.vue.vm[line 655, column 44]\nWas expecting one of:\n    \"[\" ...\n    \"{\" ...\n    \"(\" ...\n    <WHITESPACE> ...\n    <NEWLINE> ...\n    <STRING_LITERAL> ...\n    \"true\" ...\n    \"false\" ...\n    \"-\" ...\n    <LOGICAL_NOT> ...\n    <INTEGER_LITERAL> ...\n    <FLOATING_POINT_LITERAL> ...\n    <IDENTIFIER> ...\n    <OLD_IDENTIFIER> ...\n    \"{\" ...\n    ','2025-02-12 14:17:09',52),(68,'代码生成',8,'com.kkyu.generator.controller.GenController.batchGenCode()','GET',1,'admin','研发部门','/tool/gen/batchGenCode','127.0.0.1','内网IP','{\"tables\":\"finance_salary\"}',NULL,1,'Encountered \"$\\r\\n\" at vm/vue/v3/index.vue.vm[line 655, column 44]\nWas expecting one of:\n    \"[\" ...\n    \"{\" ...\n    \"(\" ...\n    <WHITESPACE> ...\n    <NEWLINE> ...\n    <STRING_LITERAL> ...\n    \"true\" ...\n    \"false\" ...\n    \"-\" ...\n    <LOGICAL_NOT> ...\n    <INTEGER_LITERAL> ...\n    <FLOATING_POINT_LITERAL> ...\n    <IDENTIFIER> ...\n    <OLD_IDENTIFIER> ...\n    \"{\" ...\n    ','2025-02-12 14:19:35',69),(69,'代码生成',8,'com.kkyu.generator.controller.GenController.batchGenCode()','GET',1,'admin','研发部门','/tool/gen/batchGenCode','127.0.0.1','内网IP','{\"tables\":\"finance_salary\"}',NULL,1,'Encountered \"$\\r\\n\" at vm/vue/v3/index.vue.vm[line 655, column 44]\nWas expecting one of:\n    \"[\" ...\n    \"{\" ...\n    \"(\" ...\n    <WHITESPACE> ...\n    <NEWLINE> ...\n    <STRING_LITERAL> ...\n    \"true\" ...\n    \"false\" ...\n    \"-\" ...\n    <LOGICAL_NOT> ...\n    <INTEGER_LITERAL> ...\n    <FLOATING_POINT_LITERAL> ...\n    <IDENTIFIER> ...\n    <OLD_IDENTIFIER> ...\n    \"{\" ...\n    ','2025-02-12 14:19:36',36),(70,'代码生成',8,'com.ruoyi.generator.controller.GenController.batchGenCode()','GET',1,'admin','研发部门','/tool/gen/batchGenCode','127.0.0.1','内网IP','{\"tables\":\"finance_salary\"}',NULL,0,NULL,'2025-02-12 14:32:10',49),(71,'代码生成',2,'com.ruoyi.generator.controller.GenController.editSave()','PUT',1,'admin','研发部门','/tool/gen','127.0.0.1','内网IP','{\"businessName\":\"salary\",\"className\":\"FinanceSalary\",\"columns\":[{\"capJavaField\":\"Id\",\"columnComment\":\"主键ID\",\"columnId\":36,\"columnName\":\"id\",\"columnType\":\"bigint\",\"createBy\":\"admin\",\"createTime\":\"2025-02-11 10:26:39\",\"dictType\":\"\",\"edit\":false,\"htmlType\":\"input\",\"increment\":true,\"insert\":false,\"isIncrement\":\"1\",\"isInsert\":\"0\",\"isPk\":\"1\",\"isRequired\":\"0\",\"javaField\":\"id\",\"javaType\":\"Long\",\"list\":false,\"params\":{},\"pk\":true,\"query\":false,\"queryType\":\"EQ\",\"required\":false,\"sort\":1,\"superColumn\":false,\"tableId\":4,\"updateBy\":\"\",\"updateTime\":\"2025-02-12 14:10:15\",\"usableColumn\":false},{\"capJavaField\":\"EmployeeId\",\"columnComment\":\"员工ID\",\"columnId\":37,\"columnName\":\"employee_id\",\"columnType\":\"bigint\",\"createBy\":\"admin\",\"createTime\":\"2025-02-11 10:26:39\",\"dictType\":\"\",\"edit\":true,\"htmlType\":\"input\",\"increment\":false,\"insert\":true,\"isEdit\":\"1\",\"isIncrement\":\"0\",\"isInsert\":\"1\",\"isList\":\"1\",\"isPk\":\"0\",\"isQuery\":\"1\",\"isRequired\":\"1\",\"javaField\":\"employeeId\",\"javaType\":\"Long\",\"list\":true,\"params\":{},\"pk\":false,\"query\":true,\"queryType\":\"EQ\",\"required\":true,\"sort\":2,\"superColumn\":false,\"tableId\":4,\"updateBy\":\"\",\"updateTime\":\"2025-02-12 14:10:15\",\"usableColumn\":false},{\"capJavaField\":\"BaseSalary\",\"columnComment\":\"基本工资\",\"columnId\":38,\"columnName\":\"base_salary\",\"columnType\":\"decimal(10,2)\",\"createBy\":\"admin\",\"createTime\":\"2025-02-11 10:26:39\",\"dictType\":\"\",\"edit\":true,\"htmlType\":\"input\",\"increment\":false,\"insert\":true,\"isEdit\":\"1\",\"isIncrement\":\"0\",\"isInsert\":\"1\",\"isList\":\"1\",\"isPk\":\"0\",\"isQuery\":\"1\",\"isRequired\":\"1\",\"javaField\":\"baseSalary\",\"javaType\":\"BigDecimal\",\"list\":true,\"params\":{},\"pk\":false,\"query\":true,\"queryType\":\"EQ\",\"required\":true,\"sort\":3,\"superColumn\":false,\"tableId\":4,\"updateBy\":\"\",\"updateTime\":\"2025-02-12 14:10:15\",\"usableColumn\":false},{\"capJavaField\":\"Bonus\",\"columnComment\":\"奖金\",\"columnId\":39,\"columnName\":\"bonus\",\"columnType\":\"decimal(10,2)\",\"createBy\":\"admin\",\"createTime\":\"2025-02-11 10:26:39\",\"dictType\":\"\",\"edit\":true,\"htmlType\":\"input\",\"increment\":false,\"insert\":t','{\"msg\":\"操作成功\",\"code\":200}',0,NULL,'2025-02-12 14:36:22',33),(72,'代码生成',3,'com.ruoyi.generator.controller.GenController.remove()','DELETE',1,'admin','研发部门','/tool/gen/7','127.0.0.1','内网IP','[7]','{\"msg\":\"操作成功\",\"code\":200}',0,NULL,'2025-02-12 14:36:26',17),(73,'代码生成',8,'com.ruoyi.generator.controller.GenController.batchGenCode()','GET',1,'admin','研发部门','/tool/gen/batchGenCode','127.0.0.1','内网IP','{\"tables\":\"finance_salary\"}',NULL,0,NULL,'2025-02-12 14:41:22',53),(74,'代码生成',8,'com.kkyu.generator.controller.GenController.batchGenCode()','GET',1,'admin','研发部门','/tool/gen/batchGenCode','127.0.0.1','内网IP','{\"tables\":\"finance_salary\"}',NULL,0,NULL,'2025-02-12 14:42:40',49),(75,'代码生成',3,'com.kkyu.generator.controller.GenController.remove()','DELETE',1,'admin','研发部门','/tool/gen/4','127.0.0.1','内网IP','[4]','{\"msg\":\"操作成功\",\"code\":200}',0,NULL,'2025-02-12 14:56:04',23),(76,'代码生成',6,'com.kkyu.generator.controller.GenController.importTableSave()','POST',1,'admin','研发部门','/tool/gen/importTable','127.0.0.1','内网IP','{\"tables\":\"finance_salary\"}','{\"msg\":\"操作成功\",\"code\":200}',0,NULL,'2025-02-12 14:56:07',58),(77,'代码生成',2,'com.kkyu.generator.controller.GenController.editSave()','PUT',1,'admin','研发部门','/tool/gen','127.0.0.1','内网IP','{\"businessName\":\"salary\",\"className\":\"FinanceSalary\",\"columns\":[{\"capJavaField\":\"Id\",\"columnComment\":\"主键ID\",\"columnId\":104,\"columnName\":\"id\",\"columnType\":\"bigint\",\"createBy\":\"admin\",\"createTime\":\"2025-02-12 14:56:07\",\"dictType\":\"\",\"edit\":false,\"htmlType\":\"input\",\"increment\":true,\"insert\":false,\"isIncrement\":\"1\",\"isInsert\":\"0\",\"isPk\":\"1\",\"isRequired\":\"0\",\"javaField\":\"id\",\"javaType\":\"Long\",\"list\":false,\"params\":{},\"pk\":true,\"query\":false,\"queryType\":\"EQ\",\"required\":false,\"sort\":1,\"superColumn\":false,\"tableId\":8,\"updateBy\":\"\",\"usableColumn\":false},{\"capJavaField\":\"EmployeeName\",\"columnComment\":\"员工姓名\",\"columnId\":105,\"columnName\":\"employee_name\",\"columnType\":\"varchar(100)\",\"createBy\":\"admin\",\"createTime\":\"2025-02-12 14:56:07\",\"dictType\":\"\",\"edit\":true,\"htmlType\":\"input\",\"increment\":false,\"insert\":true,\"isEdit\":\"1\",\"isIncrement\":\"0\",\"isInsert\":\"1\",\"isList\":\"1\",\"isPk\":\"0\",\"isQuery\":\"1\",\"isRequired\":\"1\",\"javaField\":\"employeeName\",\"javaType\":\"String\",\"list\":true,\"params\":{},\"pk\":false,\"query\":true,\"queryType\":\"LIKE\",\"required\":true,\"sort\":2,\"superColumn\":false,\"tableId\":8,\"updateBy\":\"\",\"usableColumn\":false},{\"capJavaField\":\"BaseSalary\",\"columnComment\":\"基本工资\",\"columnId\":106,\"columnName\":\"base_salary\",\"columnType\":\"decimal(10,2)\",\"createBy\":\"admin\",\"createTime\":\"2025-02-12 14:56:07\",\"dictType\":\"\",\"edit\":true,\"htmlType\":\"input\",\"increment\":false,\"insert\":true,\"isEdit\":\"1\",\"isIncrement\":\"0\",\"isInsert\":\"1\",\"isList\":\"1\",\"isPk\":\"0\",\"isQuery\":\"1\",\"isRequired\":\"1\",\"javaField\":\"baseSalary\",\"javaType\":\"BigDecimal\",\"list\":true,\"params\":{},\"pk\":false,\"query\":true,\"queryType\":\"EQ\",\"required\":true,\"sort\":3,\"superColumn\":false,\"tableId\":8,\"updateBy\":\"\",\"usableColumn\":false},{\"capJavaField\":\"Bonus\",\"columnComment\":\"奖金\",\"columnId\":107,\"columnName\":\"bonus\",\"columnType\":\"decimal(10,2)\",\"createBy\":\"admin\",\"createTime\":\"2025-02-12 14:56:07\",\"dictType\":\"\",\"edit\":true,\"htmlType\":\"input\",\"increment\":false,\"insert\":true,\"isEdit\":\"1\",\"isIncrement\":\"0\",\"isInsert\":\"1\",\"isList\":\"1\",\"isPk\":\"0\",\"isQuery\":\"','{\"msg\":\"操作成功\",\"code\":200}',0,NULL,'2025-02-12 14:56:41',37),(78,'代码生成',8,'com.kkyu.generator.controller.GenController.batchGenCode()','GET',1,'admin','研发部门','/tool/gen/batchGenCode','127.0.0.1','内网IP','{\"tables\":\"finance_salary\"}',NULL,0,NULL,'2025-02-12 14:56:43',132),(79,'薪资管理',2,'com.kkyu.finance.controller.FinanceSalaryController.edit()','PUT',1,'admin','研发部门','/finance/salary','127.0.0.1','内网IP','{\"baseSalary\":8000,\"bonus\":1000,\"createBy\":\"admin\",\"createTime\":\"2025-02-12 14:59:20\",\"deductions\":300,\"employeeName\":\"张三\",\"id\":1,\"netSalary\":8800,\"params\":{},\"remark\":\"一月份工资\",\"updateTime\":\"2025-02-12 14:59:50\"}','{\"msg\":\"操作成功\",\"code\":200}',0,NULL,'2025-02-12 14:59:50',17),(80,'薪资管理',2,'com.kkyu.finance.controller.FinanceSalaryController.edit()','PUT',1,'admin','研发部门','/finance/salary','127.0.0.1','内网IP','{\"baseSalary\":8000,\"bonus\":1000,\"createBy\":\"admin\",\"createTime\":\"2025-02-12 14:59:20\",\"deductions\":200,\"employeeName\":\"张三\",\"id\":1,\"netSalary\":8800,\"params\":{},\"remark\":\"一月份工资\",\"updateTime\":\"2025-02-12 14:59:55\"}','{\"msg\":\"操作成功\",\"code\":200}',0,NULL,'2025-02-12 14:59:55',6),(81,'用户管理',2,'com.kkyu.web.controller.system.SysUserController.edit()','PUT',1,'admin','研发部门','/system/user','127.0.0.1','内网IP','{\"admin\":false,\"avatar\":\"\",\"createBy\":\"admin\",\"createTime\":\"2025-01-14 16:48:36\",\"delFlag\":\"0\",\"dept\":{\"ancestors\":\"0,100,101\",\"children\":[],\"deptId\":200,\"deptName\":\"人事部门\",\"orderNum\":6,\"params\":{},\"parentId\":101,\"status\":\"0\"},\"deptId\":200,\"email\":\"kk@qq.com\",\"loginDate\":\"2025-01-14 16:48:36\",\"loginIp\":\"127.0.0.1\",\"nickName\":\"张人事\",\"params\":{},\"phonenumber\":\"15666666666\",\"postIds\":[3],\"remark\":\"人事测试\",\"roleIds\":[2],\"roles\":[{\"admin\":false,\"dataScope\":\"2\",\"deptCheckStrictly\":false,\"flag\":false,\"menuCheckStrictly\":false,\"params\":{},\"roleId\":2,\"roleKey\":\"hr\",\"roleName\":\"人事\",\"roleSort\":10,\"status\":\"0\"}],\"sex\":\"1\",\"status\":\"0\",\"updateBy\":\"admin\",\"userId\":2,\"userName\":\"hr\"}','{\"msg\":\"操作成功\",\"code\":200}',0,NULL,'2025-02-12 15:02:15',28),(82,'用户管理',1,'com.kkyu.web.controller.system.SysUserController.add()','POST',1,'admin','研发部门','/system/user','127.0.0.1','内网IP','{\"admin\":false,\"createBy\":\"admin\",\"deptId\":106,\"nickName\":\"李会计\",\"params\":{},\"postIds\":[],\"roleIds\":[100],\"status\":\"0\",\"userId\":100,\"userName\":\"acct\"}','{\"msg\":\"操作成功\",\"code\":200}',0,NULL,'2025-02-12 15:05:15',98),(83,'用户管理',2,'com.kkyu.web.controller.system.SysUserController.edit()','PUT',1,'admin','研发部门','/system/user','127.0.0.1','内网IP','{\"admin\":false,\"avatar\":\"\",\"createBy\":\"admin\",\"createTime\":\"2025-02-12 15:05:15\",\"delFlag\":\"0\",\"dept\":{\"ancestors\":\"0,100,101\",\"children\":[],\"deptId\":106,\"deptName\":\"财务部门\",\"leader\":\"kk\",\"orderNum\":4,\"params\":{},\"parentId\":101,\"status\":\"0\"},\"deptId\":106,\"email\":\"\",\"loginIp\":\"\",\"nickName\":\"李会计\",\"params\":{},\"phonenumber\":\"13888888888\",\"postIds\":[],\"roleIds\":[100],\"roles\":[{\"admin\":false,\"dataScope\":\"1\",\"deptCheckStrictly\":false,\"flag\":false,\"menuCheckStrictly\":false,\"params\":{},\"roleId\":100,\"roleKey\":\"fd\",\"roleName\":\"财务\",\"roleSort\":20,\"status\":\"0\"}],\"sex\":\"1\",\"status\":\"0\",\"updateBy\":\"admin\",\"userId\":100,\"userName\":\"acct\"}','{\"msg\":\"操作成功\",\"code\":200}',0,NULL,'2025-02-12 15:05:29',26),(84,'岗位管理',1,'com.kkyu.web.controller.system.SysPostController.add()','POST',1,'admin','研发部门','/system/post','127.0.0.1','内网IP','{\"createBy\":\"admin\",\"flag\":false,\"params\":{},\"postCode\":\"acct\",\"postId\":5,\"postName\":\"会计\",\"postSort\":5,\"status\":\"0\"}','{\"msg\":\"操作成功\",\"code\":200}',0,NULL,'2025-02-12 15:05:51',14),(85,'角色管理',2,'com.kkyu.web.controller.system.SysRoleController.edit()','PUT',1,'admin','研发部门','/system/role','127.0.0.1','内网IP','{\"admin\":false,\"createTime\":\"2025-02-10 13:50:42\",\"dataScope\":\"1\",\"delFlag\":\"0\",\"deptCheckStrictly\":true,\"flag\":false,\"menuCheckStrictly\":true,\"menuIds\":[2000,2008,2009,2010,2011,2012,2013],\"params\":{},\"roleId\":100,\"roleKey\":\"fd\",\"roleName\":\"财务\",\"roleSort\":20,\"status\":\"0\",\"updateBy\":\"admin\"}','{\"msg\":\"操作成功\",\"code\":200}',0,NULL,'2025-02-12 15:06:02',23),(86,'角色管理',2,'com.kkyu.web.controller.system.SysRoleController.edit()','PUT',1,'admin','研发部门','/system/role','127.0.0.1','内网IP','{\"admin\":false,\"createTime\":\"2025-02-10 13:50:42\",\"dataScope\":\"1\",\"delFlag\":\"0\",\"deptCheckStrictly\":true,\"flag\":false,\"menuCheckStrictly\":true,\"menuIds\":[2000,2008,2009,2010,2011,2012,2013],\"params\":{},\"roleId\":100,\"roleKey\":\"fd\",\"roleName\":\"财务\",\"roleSort\":20,\"status\":\"0\",\"updateBy\":\"admin\"}','{\"msg\":\"操作成功\",\"code\":200}',0,NULL,'2025-02-12 15:06:31',28),(87,'菜单管理',3,'com.kkyu.web.controller.system.SysMenuController.remove()','DELETE',1,'admin','研发部门','/system/menu/1049','127.0.0.1','内网IP','1049','{\"msg\":\"菜单已分配,不允许删除\",\"code\":601}',0,NULL,'2025-02-12 15:06:55',11),(88,'角色管理',2,'com.kkyu.web.controller.system.SysRoleController.edit()','PUT',1,'admin','研发部门','/system/role','127.0.0.1','内网IP','{\"admin\":false,\"createTime\":\"2025-01-14 16:48:36\",\"dataScope\":\"2\",\"delFlag\":\"0\",\"deptCheckStrictly\":false,\"flag\":false,\"menuCheckStrictly\":false,\"menuIds\":[1,100,101,103,104],\"params\":{},\"remark\":\"人事\",\"roleId\":2,\"roleKey\":\"hr\",\"roleName\":\"人事\",\"roleSort\":10,\"status\":\"0\",\"updateBy\":\"admin\"}','{\"msg\":\"操作成功\",\"code\":200}',0,NULL,'2025-02-12 15:07:20',29),(89,'菜单管理',3,'com.kkyu.web.controller.system.SysMenuController.remove()','DELETE',1,'admin','研发部门','/system/menu/1049','127.0.0.1','内网IP','1049','{\"msg\":\"操作成功\",\"code\":200}',0,NULL,'2025-02-12 15:07:25',11),(90,'菜单管理',3,'com.kkyu.web.controller.system.SysMenuController.remove()','DELETE',1,'admin','研发部门','/system/menu/1050','127.0.0.1','内网IP','1050','{\"msg\":\"操作成功\",\"code\":200}',0,NULL,'2025-02-12 15:07:28',15),(91,'菜单管理',3,'com.kkyu.web.controller.system.SysMenuController.remove()','DELETE',1,'admin','研发部门','/system/menu/1051','127.0.0.1','内网IP','1051','{\"msg\":\"操作成功\",\"code\":200}',0,NULL,'2025-02-12 15:07:30',12),(92,'菜单管理',3,'com.kkyu.web.controller.system.SysMenuController.remove()','DELETE',1,'admin','研发部门','/system/menu/1052','127.0.0.1','内网IP','1052','{\"msg\":\"操作成功\",\"code\":200}',0,NULL,'2025-02-12 15:07:32',14),(93,'菜单管理',3,'com.kkyu.web.controller.system.SysMenuController.remove()','DELETE',1,'admin','研发部门','/system/menu/1053','127.0.0.1','内网IP','1053','{\"msg\":\"操作成功\",\"code\":200}',0,NULL,'2025-02-12 15:07:34',13),(94,'菜单管理',3,'com.kkyu.web.controller.system.SysMenuController.remove()','DELETE',1,'admin','研发部门','/system/menu/1054','127.0.0.1','内网IP','1054','{\"msg\":\"操作成功\",\"code\":200}',0,NULL,'2025-02-12 15:07:36',14),(95,'角色管理',2,'com.kkyu.web.controller.system.SysRoleController.edit()','PUT',1,'admin','研发部门','/system/role','127.0.0.1','内网IP','{\"admin\":false,\"createTime\":\"2025-01-14 16:48:36\",\"dataScope\":\"2\",\"delFlag\":\"0\",\"deptCheckStrictly\":false,\"flag\":false,\"menuCheckStrictly\":true,\"menuIds\":[1,100,101,104,1000,1001,1002,1004,1005,1006,1007,1011,103,1016,1017,1018,1019,1020,1021,1024],\"params\":{},\"remark\":\"人事\",\"roleId\":2,\"roleKey\":\"hr\",\"roleName\":\"人事\",\"roleSort\":10,\"status\":\"0\",\"updateBy\":\"admin\"}','{\"msg\":\"操作成功\",\"code\":200}',0,NULL,'2025-02-12 15:09:37',13),(96,'角色管理',2,'com.kkyu.web.controller.system.SysRoleController.edit()','PUT',1,'admin','研发部门','/system/role','127.0.0.1','内网IP','{\"admin\":false,\"createTime\":\"2025-01-14 16:48:36\",\"dataScope\":\"2\",\"delFlag\":\"0\",\"deptCheckStrictly\":false,\"flag\":false,\"menuCheckStrictly\":true,\"menuIds\":[1,100,101,104,1000,1001,1002,1004,1005,1006,1007,1011,103,1016,1017,1018,1019,1020,1021,1024],\"params\":{},\"remark\":\"人事\",\"roleId\":2,\"roleKey\":\"hr\",\"roleName\":\"人事\",\"roleSort\":10,\"status\":\"0\",\"updateBy\":\"admin\"}','{\"msg\":\"操作成功\",\"code\":200}',0,NULL,'2025-02-12 15:10:31',23),(97,'用户管理',2,'com.kkyu.web.controller.system.SysUserController.edit()','PUT',1,'admin','研发部门','/system/user','127.0.0.1','内网IP','{\"admin\":false,\"avatar\":\"\",\"createBy\":\"admin\",\"createTime\":\"2025-01-14 16:48:36\",\"delFlag\":\"0\",\"dept\":{\"ancestors\":\"0,100,101\",\"children\":[],\"deptId\":200,\"deptName\":\"人事部门\",\"orderNum\":6,\"params\":{},\"parentId\":101,\"status\":\"0\"},\"deptId\":200,\"email\":\"kk@qq.com\",\"loginDate\":\"2025-02-12 15:11:19\",\"loginIp\":\"127.0.0.1\",\"nickName\":\"张人事\",\"params\":{},\"phonenumber\":\"15666666666\",\"postIds\":[3],\"remark\":\"人事测试\",\"roleIds\":[2],\"roles\":[{\"admin\":false,\"dataScope\":\"2\",\"deptCheckStrictly\":false,\"flag\":false,\"menuCheckStrictly\":false,\"params\":{},\"roleId\":2,\"roleKey\":\"hr\",\"roleName\":\"人事\",\"roleSort\":10,\"status\":\"0\"}],\"sex\":\"1\",\"status\":\"0\",\"updateBy\":\"admin\",\"userId\":2,\"userName\":\"hr\"}','{\"msg\":\"操作成功\",\"code\":200}',0,NULL,'2025-02-12 15:12:01',18),(98,'部门管理',3,'com.kkyu.web.controller.system.SysDeptController.remove()','DELETE',1,'admin','研发部门','/system/dept/105','127.0.0.1','内网IP','105','{\"msg\":\"操作成功\",\"code\":200}',0,NULL,'2025-02-12 15:12:19',16),(99,'部门管理',1,'com.kkyu.web.controller.system.SysDeptController.add()','POST',1,'admin','研发部门','/system/dept','127.0.0.1','内网IP','{\"ancestors\":\"0,100,101\",\"children\":[],\"createBy\":\"admin\",\"deptName\":\"测试部门\",\"orderNum\":3,\"params\":{},\"parentId\":101,\"status\":\"0\"}','{\"msg\":\"操作成功\",\"code\":200}',0,NULL,'2025-02-12 15:12:34',11),(100,'用户管理',1,'com.kkyu.web.controller.system.SysUserController.add()','POST',1,'hr','人事部门','/system/user','127.0.0.1','内网IP','{\"admin\":false,\"createBy\":\"hr\",\"nickName\":\"张三\",\"params\":{},\"postIds\":[],\"roleIds\":[],\"status\":\"0\",\"userId\":101,\"userName\":\"zhangsan\"}','{\"msg\":\"操作成功\",\"code\":200}',0,NULL,'2025-02-12 15:13:18',98),(101,'用户管理',2,'com.kkyu.web.controller.system.SysUserController.edit()','PUT',1,'admin','研发部门','/system/user','127.0.0.1','内网IP','{\"admin\":false,\"avatar\":\"\",\"createBy\":\"hr\",\"createTime\":\"2025-02-12 15:13:18\",\"delFlag\":\"0\",\"deptId\":201,\"email\":\"\",\"loginIp\":\"\",\"nickName\":\"张三\",\"params\":{},\"phonenumber\":\"13866666666\",\"postIds\":[],\"roleIds\":[],\"roles\":[],\"sex\":\"0\",\"status\":\"0\",\"updateBy\":\"admin\",\"userId\":101,\"userName\":\"zhangsan\"}','{\"msg\":\"操作成功\",\"code\":200}',0,NULL,'2025-02-12 15:13:51',19),(102,'角色管理',2,'com.kkyu.web.controller.system.SysRoleController.edit()','PUT',1,'admin','研发部门','/system/role','127.0.0.1','内网IP','{\"admin\":false,\"createTime\":\"2025-01-14 16:48:36\",\"dataScope\":\"2\",\"delFlag\":\"0\",\"deptCheckStrictly\":false,\"flag\":false,\"menuCheckStrictly\":true,\"menuIds\":[1,100,1000,1001,1002,1003,1004,1005,1006,101,1007,1008,1009,1010,1011,102,1012,1013,1014,1015,103,1016,1017,1018,1019,104,1020,1021,1022,1023,1024,107,1035,1036,1037,1038],\"params\":{},\"remark\":\"人事\",\"roleId\":2,\"roleKey\":\"hr\",\"roleName\":\"人事\",\"roleSort\":10,\"status\":\"0\",\"updateBy\":\"admin\"}','{\"msg\":\"操作成功\",\"code\":200}',0,NULL,'2025-02-12 15:15:08',23),(103,'角色管理',2,'com.kkyu.web.controller.system.SysRoleController.edit()','PUT',1,'admin','研发部门','/system/role','127.0.0.1','内网IP','{\"admin\":false,\"createTime\":\"2025-01-14 16:48:36\",\"dataScope\":\"2\",\"delFlag\":\"0\",\"deptCheckStrictly\":false,\"flag\":false,\"menuCheckStrictly\":true,\"menuIds\":[1,100,1000,1001,1002,1003,1004,1005,1006,101,1007,1008,1009,1010,1011,102,1012,1013,1014,1015,103,1016,1017,1018,1019,104,1020,1021,1022,1023,1024,107,1035,1036,1037,1038],\"params\":{},\"remark\":\"人事\",\"roleId\":2,\"roleKey\":\"hr\",\"roleName\":\"人力资源\",\"roleSort\":10,\"status\":\"0\",\"updateBy\":\"admin\"}','{\"msg\":\"操作成功\",\"code\":200}',0,NULL,'2025-02-12 15:19:35',19),(104,'角色管理',2,'com.kkyu.web.controller.system.SysRoleController.dataScope()','PUT',1,'admin','研发部门','/system/role/dataScope','127.0.0.1','内网IP','{\"admin\":false,\"createTime\":\"2025-01-14 16:48:36\",\"dataScope\":\"2\",\"delFlag\":\"0\",\"deptCheckStrictly\":true,\"deptIds\":[100,101,103,104,201,106,107,200,102,108,109],\"flag\":false,\"menuCheckStrictly\":true,\"params\":{},\"remark\":\"人事\",\"roleId\":2,\"roleKey\":\"hr\",\"roleName\":\"人力资源\",\"roleSort\":10,\"status\":\"0\"}','{\"msg\":\"操作成功\",\"code\":200}',0,NULL,'2025-02-12 15:20:36',22),(105,'角色管理',2,'com.kkyu.web.controller.system.SysRoleController.edit()','PUT',1,'admin','研发部门','/system/role','127.0.0.1','内网IP','{\"admin\":false,\"createTime\":\"2025-01-14 16:48:36\",\"dataScope\":\"2\",\"delFlag\":\"0\",\"deptCheckStrictly\":true,\"flag\":false,\"menuCheckStrictly\":true,\"menuIds\":[1,100,1000,1001,1002,1003,1004,1005,1006,101,1007,1008,1009,1010,1011,102,1012,1013,1014,1015,103,1016,1017,1018,1019,104,1020,1021,1022,1023,1024,107,1035,1036,1037,1038],\"params\":{},\"remark\":\"人事\",\"roleId\":2,\"roleKey\":\"shanghaihr\",\"roleName\":\"上海人力资源\",\"roleSort\":10,\"status\":\"0\",\"updateBy\":\"admin\"}','{\"msg\":\"操作成功\",\"code\":200}',0,NULL,'2025-02-12 15:21:34',22),(106,'角色管理',2,'com.kkyu.web.controller.system.SysRoleController.dataScope()','PUT',1,'admin','研发部门','/system/role/dataScope','127.0.0.1','内网IP','{\"admin\":false,\"createTime\":\"2025-01-14 16:48:36\",\"dataScope\":\"2\",\"delFlag\":\"0\",\"deptCheckStrictly\":true,\"deptIds\":[100,101,103,104,201,106,107,200],\"flag\":false,\"menuCheckStrictly\":true,\"params\":{},\"remark\":\"人事\",\"roleId\":2,\"roleKey\":\"shanghaihr\",\"roleName\":\"上海人力资源\",\"roleSort\":10,\"status\":\"0\"}','{\"msg\":\"操作成功\",\"code\":200}',0,NULL,'2025-02-12 15:21:38',12),(107,'菜单管理',2,'com.kkyu.web.controller.system.SysMenuController.edit()','PUT',1,'admin','研发部门','/system/menu','127.0.0.1','内网IP','{\"children\":[],\"createTime\":\"2025-02-11 09:32:04\",\"icon\":\"财务\",\"isCache\":\"0\",\"isFrame\":\"1\",\"menuId\":2000,\"menuName\":\"财务管理\",\"menuType\":\"M\",\"orderNum\":4,\"params\":{},\"parentId\":0,\"path\":\"finance\",\"perms\":\"\",\"routeName\":\"\",\"status\":\"0\",\"updateBy\":\"admin\",\"visible\":\"0\"}','{\"msg\":\"操作成功\",\"code\":200}',0,NULL,'2025-02-12 15:23:31',15),(108,'菜单管理',2,'com.kkyu.web.controller.system.SysMenuController.edit()','PUT',1,'admin','研发部门','/system/menu','127.0.0.1','内网IP','{\"children\":[],\"component\":\"finance/salary/index\",\"createTime\":\"2025-02-11 10:32:27\",\"icon\":\"薪资\",\"isCache\":\"0\",\"isFrame\":\"1\",\"menuId\":2008,\"menuName\":\"薪资管理\",\"menuType\":\"C\",\"orderNum\":1,\"params\":{},\"parentId\":2000,\"path\":\"salary\",\"perms\":\"finance:salary:list\",\"routeName\":\"\",\"status\":\"0\",\"updateBy\":\"admin\",\"visible\":\"0\"}','{\"msg\":\"操作成功\",\"code\":200}',0,NULL,'2025-02-12 15:24:03',16),(109,'代码生成',2,'com.kkyu.generator.controller.GenController.editSave()','PUT',1,'admin','研发部门','/tool/gen','127.0.0.1','内网IP','{\"businessName\":\"salary\",\"className\":\"FinanceSalary\",\"columns\":[{\"capJavaField\":\"Id\",\"columnComment\":\"主键ID\",\"columnId\":104,\"columnName\":\"id\",\"columnType\":\"bigint\",\"createBy\":\"admin\",\"createTime\":\"2025-02-12 14:56:07\",\"dictType\":\"\",\"edit\":false,\"htmlType\":\"input\",\"increment\":true,\"insert\":false,\"isIncrement\":\"1\",\"isInsert\":\"0\",\"isPk\":\"1\",\"isRequired\":\"0\",\"javaField\":\"id\",\"javaType\":\"Long\",\"list\":false,\"params\":{},\"pk\":true,\"query\":false,\"queryType\":\"EQ\",\"required\":false,\"sort\":1,\"superColumn\":false,\"tableId\":8,\"updateBy\":\"\",\"updateTime\":\"2025-02-12 14:56:41\",\"usableColumn\":false},{\"capJavaField\":\"EmployeeName\",\"columnComment\":\"员工姓名\",\"columnId\":105,\"columnName\":\"employee_name\",\"columnType\":\"varchar(100)\",\"createBy\":\"admin\",\"createTime\":\"2025-02-12 14:56:07\",\"dictType\":\"\",\"edit\":true,\"htmlType\":\"input\",\"increment\":false,\"insert\":true,\"isEdit\":\"1\",\"isIncrement\":\"0\",\"isInsert\":\"1\",\"isList\":\"1\",\"isPk\":\"0\",\"isQuery\":\"1\",\"isRequired\":\"1\",\"javaField\":\"employeeName\",\"javaType\":\"String\",\"list\":true,\"params\":{},\"pk\":false,\"query\":true,\"queryType\":\"LIKE\",\"required\":true,\"sort\":2,\"superColumn\":false,\"tableId\":8,\"updateBy\":\"\",\"updateTime\":\"2025-02-12 14:56:41\",\"usableColumn\":false},{\"capJavaField\":\"BaseSalary\",\"columnComment\":\"基本工资\",\"columnId\":106,\"columnName\":\"base_salary\",\"columnType\":\"decimal(10,2)\",\"createBy\":\"admin\",\"createTime\":\"2025-02-12 14:56:07\",\"dictType\":\"\",\"edit\":true,\"htmlType\":\"input\",\"increment\":false,\"insert\":true,\"isEdit\":\"1\",\"isIncrement\":\"0\",\"isInsert\":\"1\",\"isList\":\"1\",\"isPk\":\"0\",\"isQuery\":\"1\",\"isRequired\":\"1\",\"javaField\":\"baseSalary\",\"javaType\":\"BigDecimal\",\"list\":true,\"params\":{},\"pk\":false,\"query\":true,\"queryType\":\"EQ\",\"required\":true,\"sort\":3,\"superColumn\":false,\"tableId\":8,\"updateBy\":\"\",\"updateTime\":\"2025-02-12 14:56:41\",\"usableColumn\":false},{\"capJavaField\":\"Bonus\",\"columnComment\":\"奖金\",\"columnId\":107,\"columnName\":\"bonus\",\"columnType\":\"decimal(10,2)\",\"createBy\":\"admin\",\"createTime\":\"2025-02-12 14:56:07\",\"dictType\":\"\",\"edit\":true,\"htmlType\":\"input\",\"increme','{\"msg\":\"操作成功\",\"code\":200}',0,NULL,'2025-02-12 15:24:35',23),(110,'薪资管理',2,'com.kkyu.finance.controller.FinanceSalaryController.edit()','PUT',1,'admin','研发部门','/finance/salary','127.0.0.1','内网IP','{\"baseSalary\":8000,\"bonus\":1000,\"createBy\":\"admin\",\"createTime\":\"2025-02-12 14:59:20\",\"deductions\":200,\"employeeName\":\"张三\",\"id\":1,\"netSalary\":8800,\"params\":{},\"remark\":\"二月份工资\",\"updateTime\":\"2025-02-12 15:26:48\"}','{\"msg\":\"操作成功\",\"code\":200}',0,NULL,'2025-02-12 15:26:48',22),(111,'薪资管理',2,'com.kkyu.finance.controller.FinanceSalaryController.edit()','PUT',1,'admin','研发部门','/finance/salary','127.0.0.1','内网IP','{\"baseSalary\":9000,\"bonus\":1500,\"createBy\":\"admin\",\"createTime\":\"2025-02-12 14:59:20\",\"deductions\":300,\"employeeName\":\"李四\",\"id\":2,\"netSalary\":10200,\"params\":{},\"remark\":\"二月份工资\",\"updateTime\":\"2025-02-12 15:26:58\"}','{\"msg\":\"操作成功\",\"code\":200}',0,NULL,'2025-02-12 15:26:58',10),(112,'薪资管理',2,'com.kkyu.finance.controller.FinanceSalaryController.edit()','PUT',1,'admin','研发部门','/finance/salary','127.0.0.1','内网IP','{\"baseSalary\":7500,\"bonus\":800,\"createBy\":\"admin\",\"createTime\":\"2025-02-12 14:59:20\",\"deductions\":100,\"employeeName\":\"王五\",\"id\":3,\"netSalary\":8200,\"params\":{},\"remark\":\"二月份工资\",\"updateTime\":\"2025-02-12 15:27:05\"}','{\"msg\":\"操作成功\",\"code\":200}',0,NULL,'2025-02-12 15:27:05',11),(113,'薪资管理',2,'com.kkyu.finance.controller.FinanceSalaryController.edit()','PUT',1,'admin','研发部门','/finance/salary','127.0.0.1','内网IP','{\"baseSalary\":8500,\"bonus\":1200,\"createBy\":\"admin\",\"createTime\":\"2025-02-12 14:59:20\",\"deductions\":150,\"employeeName\":\"赵六\",\"id\":4,\"netSalary\":9550,\"params\":{},\"remark\":\"二月份工资\",\"updateTime\":\"2025-02-12 15:27:10\"}','{\"msg\":\"操作成功\",\"code\":200}',0,NULL,'2025-02-12 15:27:10',7),(114,'用户管理',2,'com.kkyu.web.controller.system.SysUserController.changeStatus()','PUT',1,'admin','研发部门','/system/user/changeStatus','127.0.0.1','内网IP','{\"admin\":false,\"params\":{},\"status\":\"1\",\"updateBy\":\"admin\",\"userId\":101}','{\"msg\":\"操作成功\",\"code\":200}',0,NULL,'2025-02-12 17:13:53',25),(115,'用户管理',2,'com.kkyu.web.controller.system.SysUserController.changeStatus()','PUT',1,'admin','研发部门','/system/user/changeStatus','127.0.0.1','内网IP','{\"admin\":false,\"params\":{},\"status\":\"0\",\"updateBy\":\"admin\",\"userId\":101}','{\"msg\":\"操作成功\",\"code\":200}',0,NULL,'2025-02-12 17:13:55',4);
/*!40000 ALTER TABLE `sys_oper_log` ENABLE KEYS */;
UNLOCK TABLES;

--
-- Table structure for table `sys_post`
--

DROP TABLE IF EXISTS `sys_post`;
/*!40101 SET @saved_cs_client     = @@character_set_client */;
/*!50503 SET character_set_client = utf8mb4 */;
CREATE TABLE `sys_post` (
  `post_id` bigint NOT NULL AUTO_INCREMENT COMMENT '岗位ID',
  `post_code` varchar(64) NOT NULL COMMENT '岗位编码',
  `post_name` varchar(50) NOT NULL COMMENT '岗位名称',
  `post_sort` int NOT NULL COMMENT '显示顺序',
  `status` char(1) NOT NULL COMMENT '状态（0正常 1停用）',
  `create_by` varchar(64) DEFAULT '' COMMENT '创建者',
  `create_time` datetime DEFAULT NULL COMMENT '创建时间',
  `update_by` varchar(64) DEFAULT '' COMMENT '更新者',
  `update_time` datetime DEFAULT NULL COMMENT '更新时间',
  `remark` varchar(500) DEFAULT NULL COMMENT '备注',
  PRIMARY KEY (`post_id`)
) ENGINE=InnoDB AUTO_INCREMENT=6 DEFAULT CHARSET=utf8mb4 COLLATE=utf8mb4_0900_ai_ci COMMENT='岗位信息表';
/*!40101 SET character_set_client = @saved_cs_client */;

--
-- Dumping data for table `sys_post`
--

LOCK TABLES `sys_post` WRITE;
/*!40000 ALTER TABLE `sys_post` DISABLE KEYS */;
INSERT INTO `sys_post` VALUES (1,'ceo','董事长',1,'0','admin','2025-01-14 16:48:36','',NULL,''),(2,'se','项目经理',2,'0','admin','2025-01-14 16:48:36','',NULL,''),(3,'hr','人力资源',3,'0','admin','2025-01-14 16:48:36','',NULL,''),(4,'user','普通员工',4,'0','admin','2025-01-14 16:48:36','',NULL,''),(5,'acct','会计',5,'0','admin','2025-02-12 15:05:51','',NULL,NULL);
/*!40000 ALTER TABLE `sys_post` ENABLE KEYS */;
UNLOCK TABLES;

--
-- Table structure for table `sys_role`
--

DROP TABLE IF EXISTS `sys_role`;
/*!40101 SET @saved_cs_client     = @@character_set_client */;
/*!50503 SET character_set_client = utf8mb4 */;
CREATE TABLE `sys_role` (
  `role_id` bigint NOT NULL AUTO_INCREMENT COMMENT '角色ID',
  `role_name` varchar(30) NOT NULL COMMENT '角色名称',
  `role_key` varchar(100) NOT NULL COMMENT '角色权限字符串',
  `role_sort` int NOT NULL COMMENT '显示顺序',
  `data_scope` char(1) DEFAULT '1' COMMENT '数据范围（1：全部数据权限 2：自定数据权限 3：本部门数据权限 4：本部门及以下数据权限）',
  `menu_check_strictly` tinyint(1) DEFAULT '1' COMMENT '菜单树选择项是否关联显示',
  `dept_check_strictly` tinyint(1) DEFAULT '1' COMMENT '部门树选择项是否关联显示',
  `status` char(1) NOT NULL COMMENT '角色状态（0正常 1停用）',
  `del_flag` char(1) DEFAULT '0' COMMENT '删除标志（0代表存在 2代表删除）',
  `create_by` varchar(64) DEFAULT '' COMMENT '创建者',
  `create_time` datetime DEFAULT NULL COMMENT '创建时间',
  `update_by` varchar(64) DEFAULT '' COMMENT '更新者',
  `update_time` datetime DEFAULT NULL COMMENT '更新时间',
  `remark` varchar(500) DEFAULT NULL COMMENT '备注',
  PRIMARY KEY (`role_id`)
) ENGINE=InnoDB AUTO_INCREMENT=101 DEFAULT CHARSET=utf8mb4 COLLATE=utf8mb4_0900_ai_ci COMMENT='角色信息表';
/*!40101 SET character_set_client = @saved_cs_client */;

--
-- Dumping data for table `sys_role`
--

LOCK TABLES `sys_role` WRITE;
/*!40000 ALTER TABLE `sys_role` DISABLE KEYS */;
INSERT INTO `sys_role` VALUES (1,'超级管理员','admin',1,'1',1,1,'0','0','admin','2025-01-14 16:48:36','',NULL,'超级管理员'),(2,'上海人力资源','shanghaihr',10,'2',1,1,'0','0','admin','2025-01-14 16:48:36','admin','2025-02-12 15:21:38','人事'),(100,'财务','fd',20,'1',1,1,'0','0','admin','2025-02-10 13:50:42','admin','2025-02-12 15:06:31',NULL);
/*!40000 ALTER TABLE `sys_role` ENABLE KEYS */;
UNLOCK TABLES;

--
-- Table structure for table `sys_role_dept`
--

DROP TABLE IF EXISTS `sys_role_dept`;
/*!40101 SET @saved_cs_client     = @@character_set_client */;
/*!50503 SET character_set_client = utf8mb4 */;
CREATE TABLE `sys_role_dept` (
  `role_id` bigint NOT NULL COMMENT '角色ID',
  `dept_id` bigint NOT NULL COMMENT '部门ID',
  PRIMARY KEY (`role_id`,`dept_id`)
) ENGINE=InnoDB DEFAULT CHARSET=utf8mb4 COLLATE=utf8mb4_0900_ai_ci COMMENT='角色和部门关联表';
/*!40101 SET character_set_client = @saved_cs_client */;

--
-- Dumping data for table `sys_role_dept`
--

LOCK TABLES `sys_role_dept` WRITE;
/*!40000 ALTER TABLE `sys_role_dept` DISABLE KEYS */;
INSERT INTO `sys_role_dept` VALUES (2,100),(2,101),(2,103),(2,104),(2,106),(2,107),(2,200),(2,201);
/*!40000 ALTER TABLE `sys_role_dept` ENABLE KEYS */;
UNLOCK TABLES;

--
-- Table structure for table `sys_role_menu`
--

DROP TABLE IF EXISTS `sys_role_menu`;
/*!40101 SET @saved_cs_client     = @@character_set_client */;
/*!50503 SET character_set_client = utf8mb4 */;
CREATE TABLE `sys_role_menu` (
  `role_id` bigint NOT NULL COMMENT '角色ID',
  `menu_id` bigint NOT NULL COMMENT '菜单ID',
  PRIMARY KEY (`role_id`,`menu_id`)
) ENGINE=InnoDB DEFAULT CHARSET=utf8mb4 COLLATE=utf8mb4_0900_ai_ci COMMENT='角色和菜单关联表';
/*!40101 SET character_set_client = @saved_cs_client */;

--
-- Dumping data for table `sys_role_menu`
--

LOCK TABLES `sys_role_menu` WRITE;
/*!40000 ALTER TABLE `sys_role_menu` DISABLE KEYS */;
INSERT INTO `sys_role_menu` VALUES (2,1),(2,100),(2,101),(2,102),(2,103),(2,104),(2,107),(2,1000),(2,1001),(2,1002),(2,1003),(2,1004),(2,1005),(2,1006),(2,1007),(2,1008),(2,1009),(2,1010),(2,1011),(2,1012),(2,1013),(2,1014),(2,1015),(2,1016),(2,1017),(2,1018),(2,1019),(2,1020),(2,1021),(2,1022),(2,1023),(2,1024),(2,1035),(2,1036),(2,1037),(2,1038),(100,2000),(100,2008),(100,2009),(100,2010),(100,2011),(100,2012),(100,2013);
/*!40000 ALTER TABLE `sys_role_menu` ENABLE KEYS */;
UNLOCK TABLES;

--
-- Table structure for table `sys_user`
--

DROP TABLE IF EXISTS `sys_user`;
/*!40101 SET @saved_cs_client     = @@character_set_client */;
/*!50503 SET character_set_client = utf8mb4 */;
CREATE TABLE `sys_user` (
  `user_id` bigint NOT NULL AUTO_INCREMENT COMMENT '用户ID',
  `dept_id` bigint DEFAULT NULL COMMENT '部门ID',
  `user_name` varchar(30) NOT NULL COMMENT '用户账号',
  `nick_name` varchar(30) NOT NULL COMMENT '用户昵称',
  `user_type` varchar(2) DEFAULT '00' COMMENT '用户类型（00系统用户）',
  `email` varchar(50) DEFAULT '' COMMENT '用户邮箱',
  `phonenumber` varchar(11) DEFAULT '' COMMENT '手机号码',
  `sex` char(1) DEFAULT '0' COMMENT '用户性别（0男 1女 2未知）',
  `avatar` varchar(100) DEFAULT '' COMMENT '头像地址',
  `password` varchar(100) DEFAULT '' COMMENT '密码',
  `status` char(1) DEFAULT '0' COMMENT '帐号状态（0正常 1停用）',
  `del_flag` char(1) DEFAULT '0' COMMENT '删除标志（0代表存在 2代表删除）',
  `login_ip` varchar(128) DEFAULT '' COMMENT '最后登录IP',
  `login_date` datetime DEFAULT NULL COMMENT '最后登录时间',
  `create_by` varchar(64) DEFAULT '' COMMENT '创建者',
  `create_time` datetime DEFAULT NULL COMMENT '创建时间',
  `update_by` varchar(64) DEFAULT '' COMMENT '更新者',
  `update_time` datetime DEFAULT NULL COMMENT '更新时间',
  `remark` varchar(500) DEFAULT NULL COMMENT '备注',
  PRIMARY KEY (`user_id`)
) ENGINE=InnoDB AUTO_INCREMENT=102 DEFAULT CHARSET=utf8mb4 COLLATE=utf8mb4_0900_ai_ci COMMENT='用户信息表';
/*!40101 SET character_set_client = @saved_cs_client */;

--
-- Dumping data for table `sys_user`
--

LOCK TABLES `sys_user` WRITE;
/*!40000 ALTER TABLE `sys_user` DISABLE KEYS */;
INSERT INTO `sys_user` VALUES (1,103,'admin','管理员','00','kk@163.com','15888888888','0','/profile/avatar/2025/02/10/01_20250210104330A001.jpg','$2a$10$sUAcn1Y6//xyk9sfI1vatO0acKUunoDH1Oas5T60fjc8Lowh2FWGO','0','0','127.0.0.1','2025-02-12 15:21:08','admin','2025-01-14 16:48:36','','2025-02-12 15:21:07','管理员'),(2,200,'hr','张人事','00','kk@qq.com','15666666666','1','','$2a$10$oGm/bj4zjoIla4dGZN8.8eWIjj1UrhrKOFktrPHdyoEGdKi5MjI1G','0','0','127.0.0.1','2025-02-12 15:20:56','admin','2025-01-14 16:48:36','admin','2025-02-12 15:20:55','人事测试'),(100,106,'acct','李会计','00','','13888888888','1','','$2a$10$rKVfmOehisB8kOQwNPRBZuWYH6oDgfnvUPJLSYdSmcvDhL/wq/hSi','0','0','127.0.0.1','2025-02-12 15:07:54','admin','2025-02-12 15:05:15','admin','2025-02-12 15:07:53',NULL),(101,201,'zhangsan','张三','00','','13866666666','0','','$2a$10$eiy1p1cnKDdrJdbLGY6iJuq43oS19SFiIPok98jNNa9XeBBqHt3qy','0','0','',NULL,'hr','2025-02-12 15:13:18','admin','2025-02-12 17:13:55',NULL);
/*!40000 ALTER TABLE `sys_user` ENABLE KEYS */;
UNLOCK TABLES;

--
-- Table structure for table `sys_user_post`
--

DROP TABLE IF EXISTS `sys_user_post`;
/*!40101 SET @saved_cs_client     = @@character_set_client */;
/*!50503 SET character_set_client = utf8mb4 */;
CREATE TABLE `sys_user_post` (
  `user_id` bigint NOT NULL COMMENT '用户ID',
  `post_id` bigint NOT NULL COMMENT '岗位ID',
  PRIMARY KEY (`user_id`,`post_id`)
) ENGINE=InnoDB DEFAULT CHARSET=utf8mb4 COLLATE=utf8mb4_0900_ai_ci COMMENT='用户与岗位关联表';
/*!40101 SET character_set_client = @saved_cs_client */;

--
-- Dumping data for table `sys_user_post`
--

LOCK TABLES `sys_user_post` WRITE;
/*!40000 ALTER TABLE `sys_user_post` DISABLE KEYS */;
INSERT INTO `sys_user_post` VALUES (1,1),(2,3);
/*!40000 ALTER TABLE `sys_user_post` ENABLE KEYS */;
UNLOCK TABLES;

--
-- Table structure for table `sys_user_role`
--

DROP TABLE IF EXISTS `sys_user_role`;
/*!40101 SET @saved_cs_client     = @@character_set_client */;
/*!50503 SET character_set_client = utf8mb4 */;
CREATE TABLE `sys_user_role` (
  `user_id` bigint NOT NULL COMMENT '用户ID',
  `role_id` bigint NOT NULL COMMENT '角色ID',
  PRIMARY KEY (`user_id`,`role_id`)
) ENGINE=InnoDB DEFAULT CHARSET=utf8mb4 COLLATE=utf8mb4_0900_ai_ci COMMENT='用户和角色关联表';
/*!40101 SET character_set_client = @saved_cs_client */;

--
-- Dumping data for table `sys_user_role`
--

LOCK TABLES `sys_user_role` WRITE;
/*!40000 ALTER TABLE `sys_user_role` DISABLE KEYS */;
INSERT INTO `sys_user_role` VALUES (1,1),(2,2),(100,100);
/*!40000 ALTER TABLE `sys_user_role` ENABLE KEYS */;
UNLOCK TABLES;
/*!40103 SET TIME_ZONE=@OLD_TIME_ZONE */;

/*!40101 SET SQL_MODE=@OLD_SQL_MODE */;
/*!40014 SET FOREIGN_KEY_CHECKS=@OLD_FOREIGN_KEY_CHECKS */;
/*!40014 SET UNIQUE_CHECKS=@OLD_UNIQUE_CHECKS */;
/*!40101 SET CHARACTER_SET_CLIENT=@OLD_CHARACTER_SET_CLIENT */;
/*!40101 SET CHARACTER_SET_RESULTS=@OLD_CHARACTER_SET_RESULTS */;
/*!40101 SET COLLATION_CONNECTION=@OLD_COLLATION_CONNECTION */;
/*!40111 SET SQL_NOTES=@OLD_SQL_NOTES */;

-- Dump completed on 2025-02-12 17:24:34
